{
  "version": 2,
  "data": "{\"lastSaved\":\"0001-01-01T00:00:00Z\",\"patchVersion\":5,\"achievementEntries\":{\"achievement_01\":{\"id\":\"achievement_01\",\"progress\":16,\"highestProgress\":16,\"goals\":[4,8,12,16],\"claimState\":[true,true,true,true]},\"achievement_02\":{\"id\":\"achievement_02\",\"progress\":16,\"highestProgress\":16,\"goals\":[4,8,12,16],\"claimState\":[true,true,true,true]},\"achievement_03\":{\"id\":\"achievement_03\",\"progress\":30000,\"highestProgress\":30000,\"goals\":[500,2000,10000,30000],\"claimState\":[true,true,true,true]},\"achievement_04\":{\"id\":\"achievement_04\",\"progress\":60,\"highestProgress\":60,\"goals\":[2,12,30,60],\"claimState\":[true,true,true,true]},\"achievement_05\":{\"id\":\"achievement_05\",\"progress\":300,\"highestProgress\":300,\"goals\":[7,50,210,300],\"claimState\":[true,true,true,true]},\"achievement_06\":{\"id\":\"achievement_06\",\"progress\":60,\"highestProgress\":60,\"goals\":[5,21,42,60],\"claimState\":[true,true,true,true]},\"achievement_07\":{\"id\":\"achievement_07\",\"progress\":70,\"highestProgress\":70,\"goals\":[5,14,34,70],\"claimState\":[true,true,true,true]},\"achievement_08\":{\"id\":\"achievement_08\",\"progress\":36,\"highestProgress\":36,\"goals\":[3,14,21,36],\"claimState\":[true,true,true,true]},\"achievement_09\":{\"id\":\"achievement_09\",\"progress\":16300,\"highestProgress\":16300,\"goals\":[100,1300,6300,16300],\"claimState\":[true,true,true,true]},\"achievement_10\":{\"id\":\"achievement_10\",\"progress\":80,\"highestProgress\":80,\"goals\":[5,16,32,80],\"claimState\":[true,true,true,true]},\"achievement_11\":{\"id\":\"achievement_11\",\"progress\":500000,\"highestProgress\":500000,\"goals\":[50000,130000,250000,500000],\"claimState\":[true,true,true,true]},\"achievement_12\":{\"id\":\"achievement_12\",\"progress\":9,\"highestProgress\":9,\"goals\":[2,3,6,9],\"claimState\":[true,true,true,true]},\"achievement_13\":{\"id\":\"achievement_13\",\"progress\":24,\"highestProgress\":24,\"goals\":[1,3,8,24],\"claimState\":[true,true,true,true]},\"achievement_14\":{\"id\":\"achievement_14\",\"progress\":600,\"highestProgress\":600,\"goals\":[60,180,360,600],\"claimState\":[true,true,true,true]},\"achievement_16\":{\"id\":\"achievement_16\",\"progress\":185,\"highestProgress\":185,\"goals\":[10,35,85,185],\"claimState\":[true,true,true,true]},\"achievement_17\":{\"id\":\"achievement_17\",\"progress\":1500,\"highestProgress\":1500,\"goals\":[20,180,500,1500],\"claimState\":[true,true,true,true]},\"achievement_18\":{\"id\":\"achievement_18\",\"progress\":1000000,\"highestProgress\":1000000,\"goals\":[60000,200000,500000,1000000],\"claimState\":[true,true,true,true]},\"achievement_19\":{\"id\":\"achievement_19\",\"progress\":88,\"highestProgress\":88,\"goals\":[8,24,48,88],\"claimState\":[true,true,true,true]},\"achievement_20\":{\"id\":\"achievement_20\",\"progress\":22,\"highestProgress\":22,\"goals\":[2,6,12,22],\"claimState\":[true,true,true,true]},\"achievement_21\":{\"id\":\"achievement_21\",\"progress\":4,\"highestProgress\":4,\"goals\":[1,2,3,4],\"claimState\":[true,true,true,true]},\"achievement_22\":{\"id\":\"achievement_22\",\"progress\":450,\"highestProgress\":450,\"goals\":[10,90,250,450],\"claimState\":[true,true,true,true]},\"achievement_23\":{\"id\":\"achievement_23\",\"progress\":15,\"highestProgress\":15,\"goals\":[1,5,10,15],\"claimState\":[true,true,true,true]},\"achievement_24\":{\"id\":\"achievement_24\",\"progress\":565000,\"highestProgress\":565000,\"goals\":[45000,135000,315000,565000],\"claimState\":[true,true,true,true]},\"achievement_25\":{\"id\":\"achievement_25\",\"progress\":97,\"highestProgress\":97,\"goals\":[3,17,47,97],\"claimState\":[true,true,true,true]},\"achievement_26\":{\"id\":\"achievement_26\",\"progress\":1550,\"highestProgress\":1550,\"goals\":[50,200,650,1550],\"claimState\":[true,true,true,true]},\"achievement_27\":{\"id\":\"achievement_27\",\"progress\":141,\"highestProgress\":141,\"goals\":[7,21,51,141],\"claimState\":[true,true,true,true]},\"achievement_28\":{\"id\":\"achievement_28\",\"progress\":90,\"highestProgress\":90,\"goals\":[7,14,30,90],\"claimState\":[true,true,true,true]}}}"
}