{
  "version": 3,
  "data": "{\"selected\":\"default\",\"owned\":{\"default\":{\"value\":{\"id\":\"default\",\"ownedUpgrades\":{\"default\":{\"value\":true}}}},\"starboard\":{\"value\":{\"id\":\"starboard\",\"ownedUpgrades\":{\"default\":{\"value\":true},\"trail\":{\"value\":true},\"doubleJump\":{\"value\":true}}}},\"superhero\":{\"value\":{\"id\":\"superhero\",\"ownedUpgrades\":{\"default\":{\"value\":true},\"teleport\":{\"value\":true},\"jumper\":{\"value\":true}}}},\"freestyler\":{\"value\":{\"id\":\"freestyler\",\"ownedUpgrades\":{\"default\":{\"value\":true},\"doubleJump\":{\"value\":true},\"jumper\":{\"value\":true}}}},\"bigKahuna\":{\"value\":{\"id\":\"bigKahuna\",\"ownedUpgrades\":{\"default\":{\"value\":true},\"glider\":{\"value\":true},\"lowrider\":{\"value\":true}}}},\"bouncer\":{\"value\":{\"id\":\"bouncer\",\"ownedUpgrades\":{\"default\":{\"value\":true}}}},\"lowrider\":{\"value\":{\"id\":\"lowrider\",\"ownedUpgrades\":{\"default\":{\"value\":true}}}},\"sunset\":{\"value\":{\"id\":\"sunset\",\"ownedUpgrades\":{\"default\":{\"value\":true},\"trail\":{\"value\":true},\"glider\":{\"value\":true}}}},\"monster\":{\"value\":{\"id\":\"monster\",\"ownedUpgrades\":{\"default\":{\"value\":true},\"highSpeed\":{\"value\":true},\"superJump\":{\"value\":true}}}},\"skullFire\":{\"value\":{\"id\":\"skullFire\",\"ownedUpgrades\":{\"default\":{\"value\":true},\"doubleJump\":{\"value\":true},\"highSpeed\":{\"value\":true}}}},\"lumberjack\":{\"value\":{\"id\":\"lumberjack\",\"ownedUpgrades\":{\"default\":{\"value\":true},\"doubleJump\":{\"value\":true},\"lowrider\":{\"value\":true}}}},\"daredevil\":{\"value\":{\"id\":\"daredevil\",\"ownedUpgrades\":{\"default\":{\"value\":true}}}},\"scoot\":{\"value\":{\"id\":\"scoot\",\"ownedUpgrades\":{\"default\":{\"value\":true},\"teleport\":{\"value\":true},\"highSpeed\":{\"value\":true}}}},\"greatWhite\":{\"value\":{\"id\":\"greatWhite\",\"ownedUpgrades\":{\"default\":{\"value\":true},\"speed\":{\"value\":true},\"glider\":{\"value\":true}}}},\"hotrod\":{\"value\":{\"id\":\"hotrod\",\"ownedUpgrades\":{\"default\":{\"value\":true}}}},\"windglider\":{\"value\":{\"id\":\"windglider\",\"ownedUpgrades\":{\"default\":{\"value\":true}}}},\"teleporter\":{\"value\":{\"id\":\"teleporter\",\"ownedUpgrades\":{\"default\":{\"value\":true}}}},\"sakarWildStyle\":{\"value\":{\"id\":\"sakarWildStyle\",\"ownedUpgrades\":{\"default\":{\"value\":true}}}},\"sakarSurfSpray\":{\"value\":{\"id\":\"sakarSurfSpray\",\"ownedUpgrades\":{\"default\":{\"value\":true}}}},\"sakarCrew\":{\"value\":{\"id\":\"sakarCrew\",\"ownedUpgrades\":{\"default\":{\"value\":true}}}},\"sakarCrewCrush\":{\"value\":{\"id\":\"sakarCrewCrush\",\"ownedUpgrades\":{\"default\":{\"value\":true}}}},\"sakarBlueIce\":{\"value\":{\"id\":\"sakarBlueIce\",\"ownedUpgrades\":{\"default\":{\"value\":true}}}},\"liberty\":{\"value\":{\"id\":\"liberty\",\"ownedUpgrades\":{\"default\":{\"value\":true}}}},\"toucan\":{\"value\":{\"id\":\"toucan\",\"ownedUpgrades\":{\"default\":{\"value\":true}}}},\"kickOff\":{\"value\":{\"id\":\"kickOff\",\"ownedUpgrades\":{\"default\":{\"value\":true}}}},\"chicky\":{\"value\":{\"id\":\"chicky\",\"ownedUpgrades\":{\"default\":{\"value\":true},\"trail\":{\"value\":true},\"highSpeed\":{\"value\":true}}}},\"outback\":{\"value\":{\"id\":\"outback\",\"ownedUpgrades\":{\"default\":{\"value\":true}}}},\"cherry\":{\"value\":{\"id\":\"cherry\",\"ownedUpgrades\":{\"default\":{\"value\":true}}}},\"kitty\":{\"value\":{\"id\":\"kitty\",\"ownedUpgrades\":{\"default\":{\"value\":true}}}},\"flamingo\":{\"value\":{\"id\":\"flamingo\",\"ownedUpgrades\":{\"default\":{\"value\":true}}}},\"rose\":{\"value\":{\"id\":\"rose\",\"ownedUpgrades\":{\"default\":{\"value\":true}}}},\"panda\":{\"value\":{\"id\":\"panda\",\"ownedUpgrades\":{\"default\":{\"value\":true}}}},\"dragon\":{\"value\":{\"id\":\"dragon\",\"ownedUpgrades\":{\"default\":{\"value\":true}}}},\"teddy\":{\"value\":{\"id\":\"teddy\",\"ownedUpgrades\":{\"default\":{\"value\":true}}}},\"pumpkin\":{\"value\":{\"id\":\"pumpkin\",\"ownedUpgrades\":{\"default\":{\"value\":true}}}},\"snowflake\":{\"value\":{\"id\":\"snowflake\",\"ownedUpgrades\":{\"default\":{\"value\":true}}}},\"jingles\":{\"value\":{\"id\":\"jingles\",\"ownedUpgrades\":{\"default\":{\"value\":true},\"trail\":{\"value\":true},\"superJump\":{\"value\":true}}}},\"bengal\":{\"value\":{\"id\":\"bengal\",\"ownedUpgrades\":{\"default\":{\"value\":true}}}},\"bubblegum\":{\"value\":{\"id\":\"bubblegum\",\"ownedUpgrades\":{\"default\":{\"value\":true}}}},\"prickly\":{\"value\":{\"id\":\"prickly\",\"ownedUpgrades\":{\"default\":{\"value\":true}}}},\"moose\":{\"value\":{\"id\":\"moose\",\"ownedUpgrades\":{\"default\":{\"value\":true}}}},\"banana\":{\"value\":{\"id\":\"banana\",\"ownedUpgrades\":{\"default\":{\"value\":true}}}},\"cruiser\":{\"value\":{\"id\":\"cruiser\",\"ownedUpgrades\":{\"default\":{\"value\":true}}}},\"croc\":{\"value\":{\"id\":\"croc\",\"ownedUpgrades\":{\"default\":{\"value\":true}}}},\"turtle\":{\"value\":{\"id\":\"turtle\",\"ownedUpgrades\":{\"default\":{\"value\":true},\"trail\":{\"value\":true}}}},\"rudy\":{\"value\":{\"id\":\"rudy\",\"ownedUpgrades\":{\"default\":{\"value\":true}}}},\"roller\":{\"value\":{\"id\":\"roller\",\"ownedUpgrades\":{\"default\":{\"value\":true}}}},\"tiki\":{\"value\":{\"id\":\"tiki\",\"ownedUpgrades\":{\"default\":{\"value\":true}}}},\"oldDusty\":{\"value\":{\"id\":\"oldDusty\",\"ownedUpgrades\":{\"default\":{\"value\":true},\"trail\":{\"value\":true}}}},\"gondola\":{\"value\":{\"id\":\"gondola\",\"ownedUpgrades\":{\"default\":{\"value\":true}}}},\"birdie\":{\"value\":{\"id\":\"birdie\",\"ownedUpgrades\":{\"default\":{\"value\":true}}}},\"waveRider\":{\"value\":{\"id\":\"waveRider\",\"ownedUpgrades\":{\"default\":{\"value\":true}}}},\"thunderbolt\":{\"value\":{\"id\":\"thunderbolt\",\"ownedUpgrades\":{\"default\":{\"value\":true}}}},\"woody\":{\"value\":{\"id\":\"woody\",\"ownedUpgrades\":{\"default\":{\"value\":true}}}},\"phantom\":{\"value\":{\"id\":\"phantom\",\"ownedUpgrades\":{\"default\":{\"value\":true},\"teleport\":{\"value\":true}}}},\"chooChoo\":{\"value\":{\"id\":\"chooChoo\",\"ownedUpgrades\":{\"default\":{\"value\":true}}}},\"groovy\":{\"value\":{\"id\":\"groovy\",\"ownedUpgrades\":{\"default\":{\"value\":true},\"trail\":{\"value\":true}}}},\"jouster\":{\"value\":{\"id\":\"jouster\",\"ownedUpgrades\":{\"default\":{\"value\":true}}}},\"chameleon\":{\"value\":{\"id\":\"chameleon\",\"ownedUpgrades\":{\"default\":{\"value\":true}}}},\"ray\":{\"value\":{\"id\":\"ray\",\"ownedUpgrades\":{\"default\":{\"value\":true}}}},\"tumi\":{\"value\":{\"id\":\"tumi\",\"ownedUpgrades\":{\"default\":{\"value\":true},\"teleport\":{\"value\":true}}}},\"lion\":{\"value\":{\"id\":\"lion\",\"ownedUpgrades\":{\"default\":{\"value\":true}}}},\"orni\":{\"value\":{\"id\":\"orni\",\"ownedUpgrades\":{\"default\":{\"value\":true},\"glider\":{\"value\":true}}}},\"medal\":{\"value\":{\"id\":\"medal\",\"ownedUpgrades\":{\"default\":{\"value\":true}}}},\"bigBlue\":{\"value\":{\"id\":\"bigBlue\",\"ownedUpgrades\":{\"default\":{\"value\":true}}}},\"chrome\":{\"value\":{\"id\":\"chrome\",\"ownedUpgrades\":{\"default\":{\"value\":true}}}},\"hexed\":{\"value\":{\"id\":\"hexed\",\"ownedUpgrades\":{\"default\":{\"value\":true}}}},\"eagle\":{\"value\":{\"id\":\"eagle\",\"ownedUpgrades\":{\"default\":{\"value\":true}}}},\"glacier\":{\"value\":{\"id\":\"glacier\",\"ownedUpgrades\":{\"default\":{\"value\":true}}}},\"pedal\":{\"value\":{\"id\":\"pedal\",\"ownedUpgrades\":{\"default\":{\"value\":true}}}},\"jewelled\":{\"value\":{\"id\":\"jewelled\",\"ownedUpgrades\":{\"default\":{\"value\":true}}}},\"speeder\":{\"value\":{\"id\":\"speeder\",\"ownedUpgrades\":{\"default\":{\"value\":true}}}},\"ukulele\":{\"value\":{\"id\":\"ukulele\",\"ownedUpgrades\":{\"default\":{\"value\":true}}}},\"hammer\":{\"value\":{\"id\":\"hammer\",\"ownedUpgrades\":{\"default\":{\"value\":true}}}},\"birthday\":{\"value\":{\"id\":\"birthday\",\"ownedUpgrades\":{\"default\":{\"value\":true}}}},\"cobra\":{\"value\":{\"id\":\"cobra\",\"ownedUpgrades\":{\"default\":{\"value\":true}}}},\"rickshaw\":{\"value\":{\"id\":\"rickshaw\",\"ownedUpgrades\":{\"default\":{\"value\":true}}}},\"mosaic\":{\"value\":{\"id\":\"mosaic\",\"ownedUpgrades\":{\"default\":{\"value\":true}}}},\"casket\":{\"value\":{\"id\":\"casket\",\"ownedUpgrades\":{\"default\":{\"value\":true}}}},\"sleigh\":{\"value\":{\"id\":\"sleigh\",\"ownedUpgrades\":{\"default\":{\"value\":true}}}},\"scarab\":{\"value\":{\"id\":\"scarab\",\"ownedUpgrades\":{\"default\":{\"value\":true},\"glider\":{\"value\":true},\"highSpeed\":{\"value\":true}}}},\"hotdog\":{\"value\":{\"id\":\"hotdog\",\"ownedUpgrades\":{\"default\":{\"value\":true}}}},\"sweetheart\":{\"value\":{\"id\":\"sweetheart\",\"ownedUpgrades\":{\"default\":{\"value\":true}}}},\"splash\":{\"value\":{\"id\":\"splash\",\"ownedUpgrades\":{\"default\":{\"value\":true}}}},\"renegade\":{\"value\":{\"id\":\"renegade\",\"ownedUpgrades\":{\"default\":{\"value\":true}}}},\"colorCloud\":{\"value\":{\"id\":\"colorCloud\",\"ownedUpgrades\":{\"default\":{\"value\":true},\"highSpeed\":{\"value\":true},\"teleport\":{\"value\":true}}}},\"bassBlaster\":{\"value\":{\"id\":\"bassBlaster\",\"ownedUpgrades\":{\"default\":{\"value\":true},\"trail\":{\"value\":true},\"jumper\":{\"value\":true}}}},\"yellowCab\":{\"value\":{\"id\":\"yellowCab\",\"ownedUpgrades\":{\"default\":{\"value\":true}}}},\"rockstar\":{\"value\":{\"id\":\"rockstar\",\"ownedUpgrades\":{\"default\":{\"value\":true}}}},\"wayfarer\":{\"value\":{\"id\":\"wayfarer\",\"ownedUpgrades\":{\"default\":{\"value\":true},\"glider\":{\"value\":true}}}},\"magicCarpet\":{\"value\":{\"id\":\"magicCarpet\",\"ownedUpgrades\":{\"default\":{\"value\":true},\"glider\":{\"value\":true},\"jumper\":{\"value\":true}}}},\"rocket\":{\"value\":{\"id\":\"rocket\",\"ownedUpgrades\":{\"default\":{\"value\":true},\"trail\":{\"value\":true},\"highSpeed\":{\"value\":true}}}},\"scratchy\":{\"value\":{\"id\":\"scratchy\",\"ownedUpgrades\":{\"default\":{\"value\":true}}}},\"fireDragon\":{\"value\":{\"id\":\"fireDragon\",\"ownedUpgrades\":{\"default\":{\"value\":true}}}},\"pixelHeart\":{\"value\":{\"id\":\"pixelHeart\",\"ownedUpgrades\":{\"default\":{\"value\":true}}}},\"clockwork\":{\"value\":{\"id\":\"clockwork\",\"ownedUpgrades\":{\"default\":{\"value\":true}}}},\"desertRacer\":{\"value\":{\"id\":\"desertRacer\",\"ownedUpgrades\":{\"default\":{\"value\":true}}}},\"diablo\":{\"value\":{\"id\":\"diablo\",\"ownedUpgrades\":{\"default\":{\"value\":true}}}},\"4thOfJuly\":{\"value\":{\"id\":\"4thOfJuly\",\"ownedUpgrades\":{\"default\":{\"value\":true},\"trail\":{\"value\":true},\"highSpeed\":{\"value\":true}}}},\"naga\":{\"value\":{\"id\":\"naga\",\"ownedUpgrades\":{\"default\":{\"value\":true}}}},\"stallion\":{\"value\":{\"id\":\"stallion\",\"ownedUpgrades\":{\"default\":{\"value\":true},\"trail\":{\"value\":true},\"jumper\":{\"value\":true}}}},\"leaf\":{\"value\":{\"id\":\"leaf\",\"ownedUpgrades\":{\"default\":{\"value\":true}}}},\"retroWave\":{\"value\":{\"id\":\"retroWave\",\"ownedUpgrades\":{\"default\":{\"value\":true}}}},\"starcruiser\":{\"value\":{\"id\":\"starcruiser\",\"ownedUpgrades\":{\"default\":{\"value\":true}}}},\"spaceship\":{\"value\":{\"id\":\"spaceship\",\"ownedUpgrades\":{\"default\":{\"value\":true}}}},\"jazz\":{\"value\":{\"id\":\"jazz\",\"ownedUpgrades\":{\"default\":{\"value\":true},\"highSpeed\":{\"value\":true},\"superJump\":{\"value\":true}}}},\"aero\":{\"value\":{\"id\":\"aero\",\"ownedUpgrades\":{\"default\":{\"value\":true},\"highSpeed\":{\"value\":true},\"glider\":{\"value\":true}}}},\"scroll\":{\"value\":{\"id\":\"scroll\",\"ownedUpgrades\":{\"default\":{\"value\":true}}}},\"roto\":{\"value\":{\"id\":\"roto\",\"ownedUpgrades\":{\"default\":{\"value\":true}}}},\"punk\":{\"value\":{\"id\":\"punk\",\"ownedUpgrades\":{\"default\":{\"value\":true}}}},\"betty\":{\"value\":{\"id\":\"betty\",\"ownedUpgrades\":{\"default\":{\"value\":true}}}},\"coral\":{\"value\":{\"id\":\"coral\",\"ownedUpgrades\":{\"default\":{\"value\":true}}}},\"nflpaPrescott\":{\"value\":{\"id\":\"nflpaPrescott\",\"ownedUpgrades\":{\"default\":{\"value\":true}}}},\"nflpaJackson\":{\"value\":{\"id\":\"nflpaJackson\",\"ownedUpgrades\":{\"default\":{\"value\":true}}}},\"nflpaBrady\":{\"value\":{\"id\":\"nflpaBrady\",\"ownedUpgrades\":{\"default\":{\"value\":true}}}},\"nflpaBeckham\":{\"value\":{\"id\":\"nflpaBeckham\",\"ownedUpgrades\":{\"default\":{\"value\":true}}}},\"nflpaMahomes\":{\"value\":{\"id\":\"nflpaMahomes\",\"ownedUpgrades\":{\"default\":{\"value\":true}}}},\"nflpaBarkley\":{\"value\":{\"id\":\"nflpaBarkley\",\"ownedUpgrades\":{\"default\":{\"value\":true}}}},\"goat\":{\"value\":{\"id\":\"goat\",\"ownedUpgrades\":{\"default\":{\"value\":true}}}},\"beelzebook\":{\"value\":{\"id\":\"beelzebook\",\"ownedUpgrades\":{\"default\":{\"value\":true}}}},\"secretSociety\":{\"value\":{\"id\":\"secretSociety\",\"ownedUpgrades\":{\"default\":{\"value\":true}}}},\"endeavour\":{\"value\":{\"id\":\"endeavour\",\"ownedUpgrades\":{\"default\":{\"value\":true}}}},\"discovery\":{\"value\":{\"id\":\"discovery\",\"ownedUpgrades\":{\"default\":{\"value\":true}}}},\"crane\":{\"value\":{\"id\":\"crane\",\"ownedUpgrades\":{\"default\":{\"value\":true}}}},\"buddyBear\":{\"value\":{\"id\":\"buddyBear\",\"ownedUpgrades\":{\"default\":{\"value\":true}}}},\"uprock\":{\"value\":{\"id\":\"uprock\",\"ownedUpgrades\":{\"default\":{\"value\":true}}}},\"bunny\":{\"value\":{\"id\":\"bunny\",\"ownedUpgrades\":{\"default\":{\"value\":true}}}},\"shuttle\":{\"value\":{\"id\":\"shuttle\",\"ownedUpgrades\":{\"default\":{\"value\":true}}}},\"viking\":{\"value\":{\"id\":\"viking\",\"ownedUpgrades\":{\"default\":{\"value\":true}}}},\"birthday2021\":{\"value\":{\"id\":\"birthday2021\",\"ownedUpgrades\":{\"default\":{\"value\":true}}}},\"bamboo\":{\"value\":{\"id\":\"bamboo\",\"ownedUpgrades\":{\"default\":{\"value\":true}}}},\"dragonBoat\":{\"value\":{\"id\":\"dragonBoat\",\"ownedUpgrades\":{\"default\":{\"value\":true}}}},\"paintPalette\":{\"value\":{\"id\":\"paintPalette\",\"ownedUpgrades\":{\"default\":{\"value\":true}}}},\"parasol\":{\"value\":{\"id\":\"parasol\",\"ownedUpgrades\":{\"default\":{\"value\":true}}}},\"sakura\":{\"value\":{\"id\":\"sakura\",\"ownedUpgrades\":{\"default\":{\"value\":true}}}},\"beach\":{\"value\":{\"id\":\"beach\",\"ownedUpgrades\":{\"default\":{\"value\":true}}}},\"queenofhearts\":{\"value\":{\"id\":\"queenofhearts\",\"ownedUpgrades\":{\"default\":{\"value\":true}}}},\"camel\":{\"value\":{\"id\":\"camel\",\"ownedUpgrades\":{\"default\":{\"value\":true}}}},\"torito\":{\"value\":{\"id\":\"torito\",\"ownedUpgrades\":{\"default\":{\"value\":true}}}},\"mapleLeaf\":{\"value\":{\"id\":\"mapleLeaf\",\"ownedUpgrades\":{\"default\":{\"value\":true},\"glider\":{\"value\":true},\"superJump\":{\"value\":true}}}},\"beachPop\":{\"value\":{\"id\":\"beachPop\",\"ownedUpgrades\":{\"default\":{\"value\":true}}}},\"gingerBoom\":{\"value\":{\"id\":\"gingerBoom\",\"ownedUpgrades\":{\"default\":{\"value\":true}}}},\"atomicTile\":{\"value\":{\"id\":\"atomicTile\",\"ownedUpgrades\":{\"default\":{\"value\":true}}}},\"lunarTiger\":{\"value\":{\"id\":\"lunarTiger\",\"ownedUpgrades\":{\"default\":{\"value\":true}}}},\"astronave\":{\"value\":{\"id\":\"astronave\",\"ownedUpgrades\":{\"default\":{\"value\":true}}}},\"spring\":{\"value\":{\"id\":\"spring\",\"ownedUpgrades\":{\"default\":{\"value\":true}}}},\"rollsRabbit\":{\"value\":{\"id\":\"rollsRabbit\",\"ownedUpgrades\":{\"default\":{\"value\":true}}}},\"crashTest\":{\"value\":{\"id\":\"crashTest\",\"ownedUpgrades\":{\"default\":{\"value\":true},\"highSpeed\":{\"value\":true}}}},\"superSurfer\":{\"value\":{\"id\":\"superSurfer\",\"ownedUpgrades\":{\"default\":{\"value\":true}}}},\"birthday2022\":{\"value\":{\"id\":\"birthday2022\",\"ownedUpgrades\":{\"default\":{\"value\":true}}}},\"trickster\":{\"value\":{\"id\":\"trickster\",\"ownedUpgrades\":{\"default\":{\"value\":true}}}},\"boombastic\":{\"value\":{\"id\":\"boombastic\",\"ownedUpgrades\":{\"default\":{\"value\":true}}}},\"magNeatO\":{\"value\":{\"id\":\"magNeatO\",\"ownedUpgrades\":{\"default\":{\"value\":true}}}},\"ssskater\":{\"value\":{\"id\":\"ssskater\",\"ownedUpgrades\":{\"default\":{\"value\":true}}}},\"moped\":{\"value\":{\"id\":\"moped\",\"ownedUpgrades\":{\"default\":{\"value\":true}}}},\"aeroFish\":{\"value\":{\"id\":\"aeroFish\",\"ownedUpgrades\":{\"default\":{\"value\":true},\"highSpeed\":{\"value\":true}}}},\"smokingSlime\":{\"value\":{\"id\":\"smokingSlime\",\"ownedUpgrades\":{\"default\":{\"value\":true},\"highSpeed\":{\"value\":true},\"superJump\":{\"value\":true}}}},\"nightlute\":{\"value\":{\"id\":\"nightlute\",\"ownedUpgrades\":{\"default\":{\"value\":true},\"highSpeed\":{\"value\":true}}}},\"zuperzapper\":{\"value\":{\"id\":\"zuperzapper\",\"ownedUpgrades\":{\"default\":{\"value\":true}}}},\"hohohoverboard\":{\"value\":{\"id\":\"hohohoverboard\",\"ownedUpgrades\":{\"default\":{\"value\":true}}}},\"snowCloud\":{\"value\":{\"id\":\"snowCloud\",\"ownedUpgrades\":{\"default\":{\"value\":true}}}},\"xmas2022\":{\"value\":{\"id\":\"xmas2022\",\"ownedUpgrades\":{\"default\":{\"value\":true}}}},\"carpdiem\":{\"value\":{\"id\":\"carpdiem\",\"ownedUpgrades\":{\"default\":{\"value\":true}}}},\"ghastlyglider\":{\"value\":{\"id\":\"ghastlyglider\",\"ownedUpgrades\":{\"default\":{\"value\":true}}}},\"fanTastic\":{\"value\":{\"id\":\"fanTastic\",\"ownedUpgrades\":{\"default\":{\"value\":true}}}},\"viperfish\":{\"value\":{\"id\":\"viperfish\",\"ownedUpgrades\":{\"default\":{\"value\":true}}}},\"iscream\":{\"value\":{\"id\":\"iscream\",\"ownedUpgrades\":{\"default\":{\"value\":true}}}},\"tagger\":{\"value\":{\"id\":\"tagger\",\"ownedUpgrades\":{\"default\":{\"value\":true}}}},\"dangerdasher\":{\"value\":{\"id\":\"dangerdasher\",\"ownedUpgrades\":{\"default\":{\"value\":true},\"lowrider\":{\"value\":true},\"doubleJump\":{\"value\":true}}}},\"birthday2023\":{\"value\":{\"id\":\"birthday2023\",\"ownedUpgrades\":{\"default\":{\"value\":true}}}},\"colourshift\":{\"value\":{\"id\":\"colourshift\",\"ownedUpgrades\":{\"default\":{\"value\":true},\"glider\":{\"value\":true}}}},\"bigBoss\":{\"value\":{\"id\":\"bigBoss\",\"ownedUpgrades\":{\"default\":{\"value\":true},\"highSpeed\":{\"value\":true}}}},\"futureWave\":{\"value\":{\"id\":\"futureWave\",\"ownedUpgrades\":{\"default\":{\"value\":true},\"highSpeed\":{\"value\":true},\"doubleJump\":{\"value\":true}}}},\"jamanta\":{\"value\":{\"id\":\"jamanta\",\"ownedUpgrades\":{\"default\":{\"value\":true},\"glider\":{\"value\":true}}}},\"kite\":{\"value\":{\"id\":\"kite\",\"ownedUpgrades\":{\"default\":{\"value\":true}}}},\"sweetchili\":{\"value\":{\"id\":\"sweetchili\",\"ownedUpgrades\":{\"default\":{\"value\":true}}}},\"raveRider\":{\"value\":{\"id\":\"raveRider\",\"ownedUpgrades\":{\"default\":{\"value\":true},\"doubleJump\":{\"value\":true},\"glider\":{\"value\":true}}}},\"flyingHorse\":{\"value\":{\"id\":\"flyingHorse\",\"ownedUpgrades\":{\"default\":{\"value\":true}}}},\"flamingdoll\":{\"value\":{\"id\":\"flamingdoll\",\"ownedUpgrades\":{\"default\":{\"value\":true},\"lowrider\":{\"value\":true},\"superJump\":{\"value\":true}}}},\"backtothefuture\":{\"value\":{\"id\":\"backtothefuture\",\"ownedUpgrades\":{\"default\":{\"value\":true}}}},\"kdillac\":{\"value\":{\"id\":\"kdillac\",\"ownedUpgrades\":{\"default\":{\"value\":true}}}},\"retroorange\":{\"value\":{\"id\":\"retroorange\",\"ownedUpgrades\":{\"default\":{\"value\":true}}}},\"neoseoul\":{\"value\":{\"id\":\"neoseoul\",\"ownedUpgrades\":{\"default\":{\"value\":true}}}},\"sharpeed\":{\"value\":{\"id\":\"sharpeed\",\"ownedUpgrades\":{\"default\":{\"value\":true},\"superJump\":{\"value\":true},\"highSpeed\":{\"value\":true}}}},\"fauxpunx\":{\"value\":{\"id\":\"fauxpunx\",\"ownedUpgrades\":{\"default\":{\"value\":true}}}},\"winduprocket\":{\"value\":{\"id\":\"winduprocket\",\"ownedUpgrades\":{\"default\":{\"value\":true}}}},\"flashjet\":{\"value\":{\"id\":\"flashjet\",\"ownedUpgrades\":{\"default\":{\"value\":true}}}},\"snowdown\":{\"value\":{\"id\":\"snowdown\",\"ownedUpgrades\":{\"default\":{\"value\":true}}}},\"skyrocket\":{\"value\":{\"id\":\"skyrocket\",\"ownedUpgrades\":{\"default\":{\"value\":true},\"highSpeed\":{\"value\":true},\"doubleJump\":{\"value\":true}}}},\"electroshock\":{\"value\":{\"id\":\"electroshock\",\"ownedUpgrades\":{\"default\":{\"value\":true},\"doubleJump\":{\"value\":true},\"glider\":{\"value\":true}}}},\"badabomb\":{\"value\":{\"id\":\"badabomb\",\"ownedUpgrades\":{\"default\":{\"value\":true}}}},\"roaringheart\":{\"value\":{\"id\":\"roaringheart\",\"ownedUpgrades\":{\"default\":{\"value\":true},\"highSpeed\":{\"value\":true},\"doubleJump\":{\"value\":true}}}},\"lunarscroll\":{\"value\":{\"id\":\"lunarscroll\",\"ownedUpgrades\":{\"default\":{\"value\":true}}}},\"redvelvet\":{\"value\":{\"id\":\"redvelvet\",\"ownedUpgrades\":{\"default\":{\"value\":true}}}},\"confetticrush\":{\"value\":{\"id\":\"confetticrush\",\"ownedUpgrades\":{\"default\":{\"value\":true}}}},\"astrotune\":{\"value\":{\"id\":\"astrotune\",\"ownedUpgrades\":{\"default\":{\"value\":true},\"doubleJump\":{\"value\":true},\"highSpeed\":{\"value\":true}}}},\"interstellar\":{\"value\":{\"id\":\"interstellar\",\"ownedUpgrades\":{\"default\":{\"value\":true},\"glider\":{\"value\":true},\"lowrider\":{\"value\":true}}}},\"shamrockshebang\":{\"value\":{\"id\":\"shamrockshebang\",\"ownedUpgrades\":{\"default\":{\"value\":true},\"glider\":{\"value\":true}}}},\"meggabite\":{\"value\":{\"id\":\"meggabite\",\"ownedUpgrades\":{\"default\":{\"value\":true},\"highSpeed\":{\"value\":true},\"lowrider\":{\"value\":true}}}},\"fastandfestive\":{\"value\":{\"id\":\"fastandfestive\",\"ownedUpgrades\":{\"default\":{\"value\":true}}}},\"radiantrider\":{\"value\":{\"id\":\"radiantrider\",\"ownedUpgrades\":{\"default\":{\"value\":true}}}},\"jak\":{\"value\":{\"id\":\"jak\",\"ownedUpgrades\":{\"default\":{\"value\":true},\"glider\":{\"value\":true},\"highSpeed\":{\"value\":true}}}},\"teatimer\":{\"value\":{\"id\":\"teatimer\",\"ownedUpgrades\":{\"default\":{\"value\":true},\"highSpeed\":{\"value\":true},\"glider\":{\"value\":true}}}},\"delivroom\":{\"value\":{\"id\":\"delivroom\",\"ownedUpgrades\":{\"default\":{\"value\":true},\"doubleJump\":{\"value\":true}}}},\"jellyboard\":{\"value\":{\"id\":\"jellyboard\",\"ownedUpgrades\":{\"default\":{\"value\":true},\"highSpeed\":{\"value\":true}}}},\"yellowsub\":{\"value\":{\"id\":\"yellowsub\",\"ownedUpgrades\":{\"default\":{\"value\":true},\"highSpeed\":{\"value\":true},\"superJump\":{\"value\":true}}}},\"koinobori\":{\"value\":{\"id\":\"koinobori\",\"ownedUpgrades\":{\"default\":{\"value\":true}}}},\"mayomania\":{\"value\":{\"id\":\"mayomania\",\"ownedUpgrades\":{\"default\":{\"value\":true},\"highSpeed\":{\"value\":true},\"superJump\":{\"value\":true}}}},\"pixelhoverboard\":{\"value\":{\"id\":\"pixelhoverboard\",\"ownedUpgrades\":{\"default\":{\"value\":true},\"lowrider\":{\"value\":true}}}},\"streetgrace\":{\"value\":{\"id\":\"streetgrace\",\"ownedUpgrades\":{\"default\":{\"value\":true},\"doubleJump\":{\"value\":true}}}},\"birthday2024\":{\"value\":{\"id\":\"birthday2024\",\"ownedUpgrades\":{\"default\":{\"value\":true}}}},\"alarmon\":{\"value\":{\"id\":\"alarmon\",\"ownedUpgrades\":{\"default\":{\"value\":true},\"highSpeed\":{\"value\":true},\"glider\":{\"value\":true}}}},\"laserflip\":{\"value\":{\"id\":\"laserflip\",\"ownedUpgrades\":{\"default\":{\"value\":true},\"doubleJump\":{\"value\":true}}}},\"rocknriley\":{\"value\":{\"id\":\"rocknriley\",\"ownedUpgrades\":{\"default\":{\"value\":true},\"highSpeed\":{\"value\":true}}}},\"sunnysailor\":{\"value\":{\"id\":\"sunnysailor\",\"ownedUpgrades\":{\"default\":{\"value\":true},\"superJump\":{\"value\":true},\"glider\":{\"value\":true}}}},\"standingovation\":{\"value\":{\"id\":\"standingovation\",\"ownedUpgrades\":{\"default\":{\"value\":true}}}},\"riskyride\":{\"value\":{\"id\":\"riskyride\",\"ownedUpgrades\":{\"default\":{\"value\":true},\"highSpeed\":{\"value\":true},\"lowrider\":{\"value\":true}}}},\"glarx3000\":{\"value\":{\"id\":\"glarx3000\",\"ownedUpgrades\":{\"default\":{\"value\":true},\"glider\":{\"value\":true}}}},\"sportysummer\":{\"value\":{\"id\":\"sportysummer\",\"ownedUpgrades\":{\"default\":{\"value\":true}}}},\"heavymetal\":{\"value\":{\"id\":\"heavymetal\",\"ownedUpgrades\":{\"default\":{\"value\":true},\"highSpeed\":{\"value\":true},\"lowrider\":{\"value\":true}}}},\"champ\":{\"value\":{\"id\":\"champ\",\"ownedUpgrades\":{\"default\":{\"value\":true},\"doubleJump\":{\"value\":true},\"glider\":{\"value\":true}}}},\"arrow\":{\"value\":{\"id\":\"arrow\",\"ownedUpgrades\":{\"default\":{\"value\":true},\"highSpeed\":{\"value\":true}}}},\"raggedyrunner\":{\"value\":{\"id\":\"raggedyrunner\",\"ownedUpgrades\":{\"default\":{\"value\":true},\"superJump\":{\"value\":true},\"glider\":{\"value\":true}}}},\"turbostump\":{\"value\":{\"id\":\"turbostump\",\"ownedUpgrades\":{\"default\":{\"value\":true},\"highSpeed\":{\"value\":true}}}},\"brasswhizz\":{\"value\":{\"id\":\"brasswhizz\",\"ownedUpgrades\":{\"default\":{\"value\":true},\"doubleJump\":{\"value\":true},\"glider\":{\"value\":true}}}},\"chopchopboard\":{\"value\":{\"id\":\"chopchopboard\",\"ownedUpgrades\":{\"default\":{\"value\":true}}}},\"cookexpress\":{\"value\":{\"id\":\"cookexpress\",\"ownedUpgrades\":{\"default\":{\"value\":true},\"doubleJump\":{\"value\":true},\"glider\":{\"value\":true}}}},\"mooncake\":{\"value\":{\"id\":\"mooncake\",\"ownedUpgrades\":{\"default\":{\"value\":true}}}},\"veggievelocity\":{\"value\":{\"id\":\"veggievelocity\",\"ownedUpgrades\":{\"default\":{\"value\":true},\"highSpeed\":{\"value\":true},\"superJump\":{\"value\":true}}}},\"couchSurfer\":{\"value\":{\"id\":\"couchSurfer\",\"ownedUpgrades\":{\"default\":{\"value\":true},\"glider\":{\"value\":true},\"doubleJump\":{\"value\":true}}}},\"catalyst\":{\"value\":{\"id\":\"catalyst\",\"ownedUpgrades\":{\"default\":{\"value\":true}}}},\"flashofflavor\":{\"value\":{\"id\":\"flashofflavor\",\"ownedUpgrades\":{\"default\":{\"value\":true}}}},\"feartractor\":{\"value\":{\"id\":\"feartractor\",\"ownedUpgrades\":{\"default\":{\"value\":true},\"doubleJump\":{\"value\":true},\"glider\":{\"value\":true}}}},\"scifly\":{\"value\":{\"id\":\"scifly\",\"ownedUpgrades\":{\"default\":{\"value\":true},\"superJump\":{\"value\":true},\"glider\":{\"value\":true}}}},\"skeletuna\":{\"value\":{\"id\":\"skeletuna\",\"ownedUpgrades\":{\"default\":{\"value\":true}}}},\"pitchdark\":{\"value\":{\"id\":\"pitchdark\",\"ownedUpgrades\":{\"default\":{\"value\":true},\"highSpeed\":{\"value\":true}}}},\"foxtrail\":{\"value\":{\"id\":\"foxtrail\",\"ownedUpgrades\":{\"default\":{\"value\":true},\"superJump\":{\"value\":true},\"glider\":{\"value\":true}}}},\"fallspeed\":{\"value\":{\"id\":\"fallspeed\",\"ownedUpgrades\":{\"default\":{\"value\":true},\"doubleJump\":{\"value\":true}}}},\"pathfinder\":{\"value\":{\"id\":\"pathfinder\",\"ownedUpgrades\":{\"default\":{\"value\":true}}}},\"cozycruiser\":{\"value\":{\"id\":\"cozycruiser\",\"ownedUpgrades\":{\"default\":{\"value\":true},\"highSpeed\":{\"value\":true},\"lowrider\":{\"value\":true}}}},\"icicle\":{\"value\":{\"id\":\"icicle\",\"ownedUpgrades\":{\"default\":{\"value\":true},\"glider\":{\"value\":true}}}},\"suitcasesaga\":{\"value\":{\"id\":\"suitcasesaga\",\"ownedUpgrades\":{\"default\":{\"value\":true}}}},\"jingledingle\":{\"value\":{\"id\":\"jingledingle\",\"ownedUpgrades\":{\"default\":{\"value\":true},\"highSpeed\":{\"value\":true},\"superJump\":{\"value\":true}}}},\"shinysurprise\":{\"value\":{\"id\":\"shinysurprise\",\"ownedUpgrades\":{\"default\":{\"value\":true}}}},\"gadgetforce\":{\"value\":{\"id\":\"gadgetforce\",\"ownedUpgrades\":{\"default\":{\"value\":true},\"doubleJump\":{\"value\":true}}}},\"icecool\":{\"value\":{\"id\":\"icecool\",\"ownedUpgrades\":{\"default\":{\"value\":true}}}},\"energy\":{\"value\":{\"id\":\"energy\",\"ownedUpgrades\":{\"default\":{\"value\":true},\"teleport\":{\"value\":true},\"superJump\":{\"value\":true}}}},\"hyperviper\":{\"value\":{\"id\":\"hyperviper\",\"ownedUpgrades\":{\"default\":{\"value\":true},\"highSpeed\":{\"value\":true}}}},\"lantern\":{\"value\":{\"id\":\"lantern\",\"ownedUpgrades\":{\"default\":{\"value\":true},\"doubleJump\":{\"value\":true},\"glider\":{\"value\":true}}}},\"override\":{\"value\":{\"id\":\"override\",\"ownedUpgrades\":{\"default\":{\"value\":true}}}}}}"
}