{
  "version": 1,
  "data": "{\"lastSaved\":\"0001-01-01T00:00:00Z\",\"chainOffers\":{\"chain_offers_promo\":{\"id\":\"chain_offers_promo\",\"timeSlotId\":\"season_S97\",\"homeButton\":{\"backgroundImageId\":\"btn_green_01\",\"iconId\":\"Icon_Promo_00\",\"showTimer\":true},\"offers\":[{\"index\":0,\"cost\":{\"currencyType\":\"None\"},\"productId\":null,\"fallbackProductId\":null,\"cooldown\":0,\"claimed\":true,\"rewards\":[{\"reward\":{\"id\":\"Coins\",\"type\":\"Currency\",\"value\":300}}],\"colorSchema\":null},{\"index\":1,\"cost\":{\"currencyType\":\"None\"},\"productId\":null,\"fallbackProductId\":null,\"cooldown\":28800,\"claimed\":true,\"rewards\":[{\"reward\":{\"id\":\"Hoverboards\",\"type\":\"Currency\",\"value\":3}}],\"colorSchema\":null},{\"index\":2,\"cost\":{\"currencyType\":\"None\"},\"productId\":null,\"fallbackProductId\":null,\"cooldown\":86400,\"claimed\":true,\"rewards\":[{\"reward\":{\"id\":\"HeadStarts\",\"type\":\"Currency\",\"value\":1}}],\"colorSchema\":null},{\"index\":3,\"productId\":\"chili_coins_pack_1\",\"fallbackProductId\":\"chili_coins_pack_1\",\"cooldown\":172800,\"claimed\":true,\"colorSchema\":\"schema_purple\"},{\"index\":4,\"cost\":{\"currencyType\":\"None\"},\"productId\":null,\"fallbackProductId\":null,\"cooldown\":172800,\"claimed\":true,\"rewards\":[{\"reward\":{\"id\":\"Coins\",\"type\":\"Currency\",\"value\":1000}},{\"reward\":{\"id\":\"Hoverboards\",\"type\":\"Currency\",\"value\":10}}],\"colorSchema\":null},{\"index\":5,\"cost\":{\"currencyType\":\"None\"},\"productId\":null,\"fallbackProductId\":null,\"cooldown\":172800,\"claimed\":true,\"rewards\":[{\"reward\":{\"id\":\"Keys\",\"type\":\"Currency\",\"value\":5}},{\"reward\":{\"id\":\"mystery_box\",\"value\":1,\"type\":\"LootBox\"}}],\"colorSchema\":null},{\"index\":6,\"productId\":\"olivia\",\"fallbackProductId\":\"jolien\",\"cooldown\":172800,\"claimed\":true,\"colorSchema\":\"schema_gold\"},{\"index\":7,\"cost\":{\"currencyType\":\"None\"},\"productId\":null,\"fallbackProductId\":null,\"cooldown\":86400,\"claimed\":true,\"rewards\":[{\"reward\":{\"id\":\"ScoreBoosters\",\"type\":\"Currency\",\"value\":2}}],\"colorSchema\":null},{\"index\":8,\"cost\":{\"currencyType\":\"None\"},\"productId\":null,\"fallbackProductId\":null,\"cooldown\":172800,\"claimed\":true,\"rewards\":[{\"reward\":{\"id\":\"Coins\",\"type\":\"Currency\",\"value\":3000}}],\"colorSchema\":null},{\"index\":9,\"cost\":{\"currencyType\":\"None\"},\"productId\":null,\"fallbackProductId\":null,\"cooldown\":172800,\"claimed\":true,\"rewards\":[{\"reward\":{\"id\":\"HeadStarts\",\"type\":\"Currency\",\"value\":5}}],\"colorSchema\":null},{\"index\":10,\"cost\":{\"currencyType\":\"None\"},\"productId\":null,\"fallbackProductId\":null,\"cooldown\":172800,\"claimed\":true,\"rewards\":[{\"reward\":{\"id\":\"Hoverboards\",\"type\":\"Currency\",\"value\":7}}],\"colorSchema\":null},{\"index\":11,\"cost\":{\"currencyType\":\"None\"},\"productId\":null,\"fallbackProductId\":null,\"cooldown\":172800,\"claimed\":true,\"rewards\":[{\"reward\":{\"id\":\"Coins\",\"type\":\"Currency\",\"value\":1000}}],\"colorSchema\":null},{\"index\":12,\"productId\":\"bjarki\",\"fallbackProductId\":\"rosa\",\"cooldown\":259200,\"claimed\":true,\"colorSchema\":\"schema_gold\"},{\"index\":13,\"cost\":{\"currencyType\":\"None\"},\"productId\":null,\"fallbackProductId\":null,\"cooldown\":86400,\"claimed\":true,\"rewards\":[{\"reward\":{\"id\":\"bjarki.powerOutfit\",\"type\":\"Character\",\"value\":1},\"fallbackReward\":{\"id\":\"rosa.ceiboOutfit\",\"type\":\"Character\",\"value\":1}}],\"colorSchema\":null},{\"index\":14,\"cost\":{\"currencyType\":\"None\"},\"productId\":null,\"fallbackProductId\":null,\"cooldown\":86400,\"claimed\":true,\"rewards\":[{\"reward\":{\"id\":\"Coins\",\"type\":\"Currency\",\"value\":5000}}],\"colorSchema\":null},{\"index\":15,\"cost\":{\"currencyType\":\"None\"},\"productId\":null,\"fallbackProductId\":null,\"cooldown\":86400,\"claimed\":true,\"rewards\":[{\"reward\":{\"id\":\"olivia.skateOutfit\",\"type\":\"Character\",\"value\":1},\"fallbackReward\":{\"id\":\"jolien.floristOutfit\",\"type\":\"Character\",\"value\":1}}],\"colorSchema\":null},{\"index\":16,\"cost\":{\"currencyType\":\"None\"},\"productId\":null,\"fallbackProductId\":null,\"cooldown\":86400,\"claimed\":true,\"rewards\":[{\"reward\":{\"id\":\"hasina.default\",\"type\":\"Character\",\"value\":1},\"fallbackReward\":{\"id\":\"noon.default\",\"type\":\"Character\",\"value\":1}}],\"colorSchema\":null},{\"index\":17,\"cost\":{\"currencyType\":\"None\"},\"productId\":null,\"fallbackProductId\":null,\"cooldown\":86400,\"claimed\":true,\"rewards\":[{\"reward\":{\"id\":\"hasina.holidayOutfit\",\"type\":\"Character\",\"value\":1},\"fallbackReward\":{\"id\":\"noon.siamOutfit\",\"type\":\"Character\",\"value\":1}}],\"colorSchema\":null},{\"index\":18,\"cost\":{\"currencyType\":\"None\"},\"productId\":null,\"fallbackProductId\":null,\"cooldown\":172800,\"claimed\":true,\"rewards\":[{\"reward\":{\"id\":\"Keys\",\"type\":\"Currency\",\"value\":5}}],\"colorSchema\":null},{\"index\":19,\"cost\":{\"currencyType\":\"None\"},\"productId\":null,\"fallbackProductId\":null,\"cooldown\":86400,\"claimed\":true,\"rewards\":[{\"reward\":{\"id\":\"ScoreBoosters\",\"type\":\"Currency\",\"value\":6}}],\"colorSchema\":null}],\"fallBackProductId\":\"chili_coins_pack_2\",\"fallBackReward\":{\"type\":\"Currency\",\"id\":\"Keys\",\"value\":10}}},\"completedChainOffers\":[]}"
}