{
  "version": 3,
  "data": "{\"selected\":{\"character\":\"jake\",\"outfit\":\"default\"},\"owned\":{\"jake\":{\"value\":{\"id\":\"jake\",\"ownedOutfits\":[{\"value\":\"default\"},{\"value\":\"darkOutfit\"},{\"value\":\"starOutfit\"}]}},\"tricky\":{\"value\":{\"id\":\"tricky\",\"ownedOutfits\":[{\"value\":\"default\"},{\"value\":\"heartOutfit\"},{\"value\":\"camoOutfit\"}]}},\"fresh\":{\"value\":{\"id\":\"fresh\",\"ownedOutfits\":[{\"value\":\"default\"},{\"value\":\"funkOutfit\"},{\"value\":\"sportOutfit\"}]}},\"yutani\":{\"value\":{\"id\":\"yutani\",\"ownedOutfits\":[{\"value\":\"default\"},{\"value\":\"gadgetOutfit\"}]}},\"spike\":{\"value\":{\"id\":\"spike\",\"ownedOutfits\":[{\"value\":\"default\"},{\"value\":\"rockOutfit\"},{\"value\":\"punkOutfit\"}]}},\"frank\":{\"value\":{\"id\":\"frank\",\"ownedOutfits\":[{\"value\":\"default\"},{\"value\":\"clownOutfit\"},{\"value\":\"tigerOutfit\"}]}},\"ella\":{\"value\":{\"id\":\"ella\",\"ownedOutfits\":[{\"value\":\"default\"},{\"value\":\"rastaOutfit\"},{\"value\":\"goldOutfit\"}]}},\"king\":{\"value\":{\"id\":\"king\",\"ownedOutfits\":[{\"value\":\"default\"},{\"value\":\"countOutfit\"},{\"value\":\"royalOutfit\"}]}},\"ninja\":{\"value\":{\"id\":\"ninja\",\"ownedOutfits\":[{\"value\":\"default\"},{\"value\":\"yangOutfit\"},{\"value\":\"flameOutfit\"}]}},\"lucy\":{\"value\":{\"id\":\"lucy\",\"ownedOutfits\":[{\"value\":\"default\"},{\"value\":\"gothOutfit\"},{\"value\":\"steamOutfit\"}]}},\"tasha\":{\"value\":{\"id\":\"tasha\",\"ownedOutfits\":[{\"value\":\"default\"},{\"value\":\"cheeroutfit\"},{\"value\":\"gymOutfit\"}]}},\"tagbot\":{\"value\":{\"id\":\"tagbot\",\"ownedOutfits\":[{\"value\":\"default\"},{\"value\":\"spaceOutfit\"},{\"value\":\"toyOutfit\"}]}},\"brody\":{\"value\":{\"id\":\"brody\",\"ownedOutfits\":[{\"value\":\"default\"},{\"value\":\"poshOutfit\"},{\"value\":\"chillOutfit\"}]}},\"princeK\":{\"value\":{\"id\":\"princeK\",\"ownedOutfits\":[{\"value\":\"default\"},{\"value\":\"jagOutfit\"},{\"value\":\"shineOutfit\"}]}},\"zoe\":{\"value\":{\"id\":\"zoe\",\"ownedOutfits\":[{\"value\":\"default\"},{\"value\":\"curlyOutfit\"},{\"value\":\"bikerOutfit\"}]}},\"zombiejake\":{\"value\":{\"id\":\"zombiejake\",\"ownedOutfits\":[{\"value\":\"default\"},{\"value\":\"seriousOutfit\"}]}},\"elfTricky\":{\"value\":{\"id\":\"elfTricky\",\"ownedOutfits\":[{\"value\":\"default\"},{\"value\":\"iceOutfit\"},{\"value\":\"candyOutfit\"}]}},\"tony\":{\"value\":{\"id\":\"tony\",\"ownedOutfits\":[{\"value\":\"default\"},{\"value\":\"folkOutfit\"},{\"value\":\"gameOutfit\"}]}},\"carmen\":{\"value\":{\"id\":\"carmen\",\"ownedOutfits\":[{\"value\":\"default\"},{\"value\":\"shakeOutfit\"},{\"value\":\"teamOutfit\"}]}},\"roberto\":{\"value\":{\"id\":\"roberto\",\"ownedOutfits\":[{\"value\":\"default\"},{\"value\":\"fanOutfit\"},{\"value\":\"culesOutfit\"}]}},\"kim\":{\"value\":{\"id\":\"kim\",\"ownedOutfits\":[{\"value\":\"default\"},{\"value\":\"diveOutfit\"},{\"value\":\"coastOutfit\"}]}},\"harumi\":{\"value\":{\"id\":\"harumi\",\"ownedOutfits\":[{\"value\":\"default\"},{\"value\":\"meowOutfit\"},{\"value\":\"furyOutfit\"}]}},\"nick\":{\"value\":{\"id\":\"nick\",\"ownedOutfits\":[{\"value\":\"default\"},{\"value\":\"speedOutfit\"},{\"value\":\"neonOutfit\"}]}},\"coco\":{\"value\":{\"id\":\"coco\",\"ownedOutfits\":[{\"value\":\"default\"},{\"value\":\"artOutfit\"},{\"value\":\"jesterOutfit\"}]}},\"sun\":{\"value\":{\"id\":\"sun\",\"ownedOutfits\":[{\"value\":\"default\"},{\"value\":\"spotOutfit\"},{\"value\":\"rogueOutfit\"}]}},\"alex\":{\"value\":{\"id\":\"alex\",\"ownedOutfits\":[{\"value\":\"default\"},{\"value\":\"technoOutfit\"}]}},\"eddy\":{\"value\":{\"id\":\"eddy\",\"ownedOutfits\":[{\"value\":\"default\"},{\"value\":\"trickOutfit\"},{\"value\":\"vampireOutfit\"}]}},\"jamie\":{\"value\":{\"id\":\"jamie\",\"ownedOutfits\":[{\"value\":\"default\"},{\"value\":\"tophatOutfit\"},{\"value\":\"hatterOutfit\"}]}},\"jay\":{\"value\":{\"id\":\"jay\",\"ownedOutfits\":[{\"value\":\"default\"},{\"value\":\"blueOutfit\"},{\"value\":\"colorMasterOutfit\"}]}},\"mina\":{\"value\":{\"id\":\"mina\",\"ownedOutfits\":[{\"value\":\"default\"},{\"value\":\"roboOutfit\"},{\"value\":\"popOutfit\"}]}},\"rosa\":{\"value\":{\"id\":\"rosa\",\"ownedOutfits\":[{\"value\":\"default\"},{\"value\":\"foxOutfit\"},{\"value\":\"ceiboOutfit\"}]}},\"olivia\":{\"value\":{\"id\":\"olivia\",\"ownedOutfits\":[{\"value\":\"default\"},{\"value\":\"skateOutfit\"},{\"value\":\"derbyMacabreOutfit\"}]}},\"edison\":{\"value\":{\"id\":\"edison\",\"ownedOutfits\":[{\"value\":\"default\"},{\"value\":\"urbanOutfit\"}]}},\"wayne\":{\"value\":{\"id\":\"wayne\",\"ownedOutfits\":[{\"value\":\"default\"},{\"value\":\"chiefOutfit\"},{\"value\":\"knightOutfit\"}]}},\"jasmine\":{\"value\":{\"id\":\"jasmine\",\"ownedOutfits\":[{\"value\":\"default\"},{\"value\":\"safariOutfit\"},{\"value\":\"ankhOutfit\"}]}},\"noon\":{\"value\":{\"id\":\"noon\",\"ownedOutfits\":[{\"value\":\"default\"},{\"value\":\"pinkOutfit\"},{\"value\":\"siamOutfit\"}]}},\"dino\":{\"value\":{\"id\":\"dino\",\"ownedOutfits\":[{\"value\":\"default\"}]}},\"buddy\":{\"value\":{\"id\":\"buddy\",\"ownedOutfits\":[{\"value\":\"default\"},{\"value\":\"sunnyOutfit\"},{\"value\":\"candyOutfit\"}]}},\"rex\":{\"value\":{\"id\":\"rex\",\"ownedOutfits\":[{\"value\":\"default\"},{\"value\":\"showOutfit\"},{\"value\":\"winOutfit\"}]}},\"izzy\":{\"value\":{\"id\":\"izzy\",\"ownedOutfits\":[{\"value\":\"default\"},{\"value\":\"alohaOutfit\"},{\"value\":\"lakiOutfit\"}]}},\"amira\":{\"value\":{\"id\":\"amira\",\"ownedOutfits\":[{\"value\":\"default\"},{\"value\":\"genieOutfit\"},{\"value\":\"jewelOutfit\"}]}},\"marco\":{\"value\":{\"id\":\"marco\",\"ownedOutfits\":[{\"value\":\"default\"},{\"value\":\"maskOutfit\"},{\"value\":\"nobleOutfit\"}]}},\"nikos\":{\"value\":{\"id\":\"nikos\",\"ownedOutfits\":[{\"value\":\"default\"},{\"value\":\"heroOutfit\"},{\"value\":\"hopperOutfit\"}]}},\"zuri\":{\"value\":{\"id\":\"zuri\",\"ownedOutfits\":[{\"value\":\"default\"},{\"value\":\"cityOutfit\"}]}},\"mike\":{\"value\":{\"id\":\"mike\",\"ownedOutfits\":[{\"value\":\"default\"},{\"value\":\"howlOutfit\"},{\"value\":\"jagerOutfit\"}]}},\"jenny\":{\"value\":{\"id\":\"jenny\",\"ownedOutfits\":[{\"value\":\"default\"},{\"value\":\"partyOutfit\"},{\"value\":\"pixelOutfit\"}]}},\"jaro\":{\"value\":{\"id\":\"jaro\",\"ownedOutfits\":[{\"value\":\"default\"},{\"value\":\"jokerOutfit\"}]}},\"aina\":{\"value\":{\"id\":\"aina\",\"ownedOutfits\":[{\"value\":\"default\"},{\"value\":\"daisyOutfit\"},{\"value\":\"blueOutfit\"}]}},\"carlos\":{\"value\":{\"id\":\"carlos\",\"ownedOutfits\":[{\"value\":\"default\"},{\"value\":\"incaOutfit\"},{\"value\":\"ponchoOutfit\"}]}},\"jia\":{\"value\":{\"id\":\"jia\",\"ownedOutfits\":[{\"value\":\"default\"},{\"value\":\"wildOutfit\"},{\"value\":\"unicornOutfit\"}]}},\"bjarki\":{\"value\":{\"id\":\"bjarki\",\"ownedOutfits\":[{\"value\":\"default\"},{\"value\":\"powerOutfit\"},{\"value\":\"fisherOutfit\"}]}},\"ramona\":{\"value\":{\"id\":\"ramona\",\"ownedOutfits\":[{\"value\":\"default\"},{\"value\":\"pinaOutfit\"},{\"value\":\"elegantOutfit\"}]}},\"lauren\":{\"value\":{\"id\":\"lauren\",\"ownedOutfits\":[{\"value\":\"default\"},{\"value\":\"tallyOutfit\"},{\"value\":\"pilotOutfit\"}]}},\"malik\":{\"value\":{\"id\":\"malik\",\"ownedOutfits\":[{\"value\":\"default\"},{\"value\":\"tuskOutfit\"},{\"value\":\"penguinOutfit\"}]}},\"jolien\":{\"value\":{\"id\":\"jolien\",\"ownedOutfits\":[{\"value\":\"default\"},{\"value\":\"floristOutfit\"},{\"value\":\"springOutfit\"}]}},\"philip\":{\"value\":{\"id\":\"philip\",\"ownedOutfits\":[{\"value\":\"default\"},{\"value\":\"racerOutfit\"},{\"value\":\"captainOutfit\"}]}},\"freya\":{\"value\":{\"id\":\"freya\",\"ownedOutfits\":[{\"value\":\"default\"},{\"value\":\"vikingOutfit\"},{\"value\":\"winterMagicOutfit\"}]}},\"salma\":{\"value\":{\"id\":\"salma\",\"ownedOutfits\":[{\"value\":\"default\"},{\"value\":\"nomadOutfit\"},{\"value\":\"talismanOutfit\"}]}},\"lee\":{\"value\":{\"id\":\"lee\",\"ownedOutfits\":[{\"value\":\"default\"},{\"value\":\"silkOutfit\"},{\"value\":\"wudangOutfit\"}]}},\"diego\":{\"value\":{\"id\":\"diego\",\"ownedOutfits\":[{\"value\":\"default\"},{\"value\":\"flamencoOutfit\"},{\"value\":\"chivalryoutfit\"}]}},\"manny\":{\"value\":{\"id\":\"manny\",\"ownedOutfits\":[{\"value\":\"default\"},{\"value\":\"mariachiOutfit\"},{\"value\":\"luchadorOutfit\"}]}},\"nicolai\":{\"value\":{\"id\":\"nicolai\",\"ownedOutfits\":[{\"value\":\"default\"},{\"value\":\"frostOutfit\"},{\"value\":\"fauxFurOutfit\"}]}},\"ez\":{\"value\":{\"id\":\"ez\",\"ownedOutfits\":[{\"value\":\"default\"},{\"value\":\"touchdownOutfit\"},{\"value\":\"JiveOutfit\"}]}},\"sofia\":{\"value\":{\"id\":\"sofia\",\"ownedOutfits\":[{\"value\":\"default\"},{\"value\":\"gauchoOutfit\"},{\"value\":\"tangoOutfit\"}]}},\"dylan\":{\"value\":{\"id\":\"dylan\",\"ownedOutfits\":[{\"value\":\"default\"},{\"value\":\"lifeguardOutfit\"},{\"value\":\"walkmanOutfit\"}]}},\"boombot\":{\"value\":{\"id\":\"boombot\",\"ownedOutfits\":[{\"value\":\"default\"}]}},\"nina\":{\"value\":{\"id\":\"nina\",\"ownedOutfits\":[{\"value\":\"default\"},{\"value\":\"cyberPunkOutfit\"},{\"value\":\"whitenightOutfit\"}]}},\"brandon\":{\"value\":{\"id\":\"brandon\",\"ownedOutfits\":[{\"value\":\"default\"},{\"value\":\"kungFuOutfit\"}]}},\"scarlett\":{\"value\":{\"id\":\"scarlett\",\"ownedOutfits\":[{\"value\":\"default\"},{\"value\":\"catrinaOutfit\"},{\"value\":\"botanicalHorrorOutfit\"}]}},\"alicia\":{\"value\":{\"id\":\"alicia\",\"ownedOutfits\":[{\"value\":\"default\"},{\"value\":\"tracksuitOutfit\"},{\"value\":\"fallOutfit\"}]}},\"missMaia\":{\"value\":{\"id\":\"missMaia\",\"ownedOutfits\":[{\"value\":\"default\"}]}},\"hugo\":{\"value\":{\"id\":\"hugo\",\"ownedOutfits\":[{\"value\":\"default\"},{\"value\":\"mountainOutfit\"},{\"value\":\"piratOutfit\"}]}},\"rabbot\":{\"value\":{\"id\":\"rabbot\",\"ownedOutfits\":[{\"value\":\"default\"},{\"value\":\"ironbunOutfit\"}]}},\"rin\":{\"value\":{\"id\":\"rin\",\"ownedOutfits\":[{\"value\":\"default\"},{\"value\":\"lunarOutfit\"}]}},\"kareem\":{\"value\":{\"id\":\"kareem\",\"ownedOutfits\":[{\"value\":\"default\"},{\"value\":\"SilkOutfit\"}]}},\"ace\":{\"value\":{\"id\":\"ace\",\"ownedOutfits\":[{\"value\":\"default\"},{\"value\":\"pilotOutfit\"}]}},\"mei\":{\"value\":{\"id\":\"mei\",\"ownedOutfits\":[{\"value\":\"default\"},{\"value\":\"islanderOutfit\"},{\"value\":\"bumiOutfit\"}]}},\"mimi\":{\"value\":{\"id\":\"mimi\",\"ownedOutfits\":[{\"value\":\"default\"},{\"value\":\"folkOutfit\"}]}},\"maeko\":{\"value\":{\"id\":\"maeko\",\"ownedOutfits\":[{\"value\":\"default\"},{\"value\":\"hostessOutfit\"},{\"value\":\"streetOutfit\"}]}},\"alba\":{\"value\":{\"id\":\"alba\",\"ownedOutfits\":[{\"value\":\"default\"},{\"value\":\"cowgirlOutfit\"},{\"value\":\"spaceOutfit\"}]}},\"amy\":{\"value\":{\"id\":\"amy\",\"ownedOutfits\":[{\"value\":\"default\"},{\"value\":\"regularOutfit\"}]}},\"festiveFresh\":{\"value\":{\"id\":\"festiveFresh\",\"ownedOutfits\":[{\"value\":\"default\"},{\"value\":\"hoodieOutfit\"}]}},\"monkbot\":{\"value\":{\"id\":\"monkbot\",\"ownedOutfits\":[{\"value\":\"default\"}]}},\"ming\":{\"value\":{\"id\":\"ming\",\"ownedOutfits\":[{\"value\":\"default\"},{\"value\":\"whitesnakeOutfit\"}]}},\"liu\":{\"value\":{\"id\":\"liu\",\"ownedOutfits\":[{\"value\":\"default\"},{\"value\":\"birdwatcherOutfit\"}]}},\"callum\":{\"value\":{\"id\":\"callum\",\"ownedOutfits\":[{\"value\":\"default\"},{\"value\":\"changelingOutfit\"},{\"value\":\"pinkpunkOutfit\"}]}},\"jack\":{\"value\":{\"id\":\"jack\",\"ownedOutfits\":[{\"value\":\"default\"},{\"value\":\"businessOutfit\"}]}},\"nflpaTomBrady\":{\"value\":{\"id\":\"nflpaTomBrady\",\"ownedOutfits\":[{\"value\":\"default\"}]}},\"nflpaDakPrescott\":{\"value\":{\"id\":\"nflpaDakPrescott\",\"ownedOutfits\":[{\"value\":\"default\"}]}},\"nflpaLamarJackson\":{\"value\":{\"id\":\"nflpaLamarJackson\",\"ownedOutfits\":[{\"value\":\"default\"}]}},\"nflpaSaquonBarkley\":{\"value\":{\"id\":\"nflpaSaquonBarkley\",\"ownedOutfits\":[{\"value\":\"default\"}]}},\"nflpaPatrickMahomes\":{\"value\":{\"id\":\"nflpaPatrickMahomes\",\"ownedOutfits\":[{\"value\":\"default\"}]}},\"nflpaOdellBeckhamJr\":{\"value\":{\"id\":\"nflpaOdellBeckhamJr\",\"ownedOutfits\":[{\"value\":\"default\"}]}},\"tankbot\":{\"value\":{\"id\":\"tankbot\",\"ownedOutfits\":[{\"value\":\"default\"},{\"value\":\"incaOutfit\"}]}},\"cathy\":{\"value\":{\"id\":\"cathy\",\"ownedOutfits\":[{\"value\":\"default\"},{\"value\":\"visualkeiOutfit\"},{\"value\":\"seasideOutfit\"}]}},\"noel\":{\"value\":{\"id\":\"noel\",\"ownedOutfits\":[{\"value\":\"default\"},{\"value\":\"bigblueOutfit\"}]}},\"morgan\":{\"value\":{\"id\":\"morgan\",\"ownedOutfits\":[{\"value\":\"default\"},{\"value\":\"swampMysteryOutfit\"}]}},\"andy\":{\"value\":{\"id\":\"andy\",\"ownedOutfits\":[{\"value\":\"default\"},{\"value\":\"gamerOutfit\"},{\"value\":\"theGreatOutdoorOutfit\"}]}},\"festiveJake\":{\"value\":{\"id\":\"festiveJake\",\"ownedOutfits\":[{\"value\":\"default\"}]}},\"festiveTricky\":{\"value\":{\"id\":\"festiveTricky\",\"ownedOutfits\":[{\"value\":\"default\"}]}},\"festiveYutani\":{\"value\":{\"id\":\"festiveYutani\",\"ownedOutfits\":[{\"value\":\"default\"}]}},\"festiveSpike\":{\"value\":{\"id\":\"festiveSpike\",\"ownedOutfits\":[{\"value\":\"default\"}]}},\"festiveFrank\":{\"value\":{\"id\":\"festiveFrank\",\"ownedOutfits\":[{\"value\":\"default\"},{\"value\":\"anubisOutfit\"},{\"value\":\"fortuneOutfit\"}]}},\"frankette\":{\"value\":{\"id\":\"frankette\",\"ownedOutfits\":[{\"value\":\"default\"}]}},\"spacebot\":{\"value\":{\"id\":\"spacebot\",\"ownedOutfits\":[{\"value\":\"default\"}]}},\"rat\":{\"value\":{\"id\":\"rat\",\"ownedOutfits\":[{\"value\":\"default\"}]}},\"ox\":{\"value\":{\"id\":\"ox\",\"ownedOutfits\":[{\"value\":\"default\"}]}},\"qin\":{\"value\":{\"id\":\"qin\",\"ownedOutfits\":[{\"value\":\"default\"},{\"value\":\"warriorOutfit\"}]}},\"hou\":{\"value\":{\"id\":\"hou\",\"ownedOutfits\":[{\"value\":\"default\"},{\"value\":\"archerOutfit\"}]}},\"zayn\":{\"value\":{\"id\":\"zayn\",\"ownedOutfits\":[{\"value\":\"default\"},{\"value\":\"stealthOutfit\"},{\"value\":\"eastvestOutfit\"}]}},\"darryl\":{\"value\":{\"id\":\"darryl\",\"ownedOutfits\":[{\"value\":\"default\"},{\"value\":\"gonzoOutfit\"}]}},\"lana\":{\"value\":{\"id\":\"lana\",\"ownedOutfits\":[{\"value\":\"default\"},{\"value\":\"nordicOutfit\"}]}},\"bonnie\":{\"value\":{\"id\":\"bonnie\",\"ownedOutfits\":[{\"value\":\"default\"},{\"value\":\"harajukuOutfit\"},{\"value\":\"luckyOutfit\"}]}},\"buzz\":{\"value\":{\"id\":\"buzz\",\"ownedOutfits\":[{\"value\":\"default\"}]}},\"trym\":{\"value\":{\"id\":\"trym\",\"ownedOutfits\":[{\"value\":\"default\"},{\"value\":\"noblenewbieOutfit\"}]}},\"prideJake\":{\"value\":{\"id\":\"prideJake\",\"ownedOutfits\":[{\"value\":\"default\"}]}},\"prideTricky\":{\"value\":{\"id\":\"prideTricky\",\"ownedOutfits\":[{\"value\":\"default\"}]}},\"prideFresh\":{\"value\":{\"id\":\"prideFresh\",\"ownedOutfits\":[{\"value\":\"default\"}]}},\"prideYutani\":{\"value\":{\"id\":\"prideYutani\",\"ownedOutfits\":[{\"value\":\"default\"}]}},\"prideSpike\":{\"value\":{\"id\":\"prideSpike\",\"ownedOutfits\":[{\"value\":\"default\"}]}},\"prideFrank\":{\"value\":{\"id\":\"prideFrank\",\"ownedOutfits\":[{\"value\":\"default\"}]}},\"prideBot\":{\"value\":{\"id\":\"prideBot\",\"ownedOutfits\":[{\"value\":\"default\"}]}},\"alexandre\":{\"value\":{\"id\":\"alexandre\",\"ownedOutfits\":[{\"value\":\"default\"},{\"value\":\"stanOutfit\"}]}},\"parkourRin\":{\"value\":{\"id\":\"parkourRin\",\"ownedOutfits\":[{\"value\":\"default\"}]}},\"akira\":{\"value\":{\"id\":\"akira\",\"ownedOutfits\":[{\"value\":\"default\"},{\"value\":\"nightriderOutfit\"}]}},\"koral\":{\"value\":{\"id\":\"koral\",\"ownedOutfits\":[{\"value\":\"default\"},{\"value\":\"tentaqueenOutfit\"},{\"value\":\"subexplorerOutfit\"}]}},\"cleo\":{\"value\":{\"id\":\"cleo\",\"ownedOutfits\":[{\"value\":\"default\"},{\"value\":\"heartbreakerOutfit\"},{\"value\":\"blossomqueenOutfit\"}]}},\"taha\":{\"value\":{\"id\":\"taha\",\"ownedOutfits\":[{\"value\":\"default\"},{\"value\":\"TropiTahaOutfit\"},{\"value\":\"chilitahaOutfit\"}]}},\"bobTheBlob\":{\"value\":{\"id\":\"bobTheBlob\",\"ownedOutfits\":[{\"value\":\"default\"},{\"value\":\"slimeOutfit\"},{\"value\":\"jingleOutfit\"}]}},\"mala\":{\"value\":{\"id\":\"mala\",\"ownedOutfits\":[{\"value\":\"default\"},{\"value\":\"lunarOutfit\"},{\"value\":\"missmosaicOutfit\"}]}},\"phoenix\":{\"value\":{\"id\":\"phoenix\",\"ownedOutfits\":[{\"value\":\"default\"},{\"value\":\"partyBusinessOutfit\"},{\"value\":\"summerOutfit\"}]}},\"clementine\":{\"value\":{\"id\":\"clementine\",\"ownedOutfits\":[{\"value\":\"default\"},{\"value\":\"frostyOutfit\"},{\"value\":\"hideandsheepOutfit\"}]}},\"gingerbot\":{\"value\":{\"id\":\"gingerbot\",\"ownedOutfits\":[{\"value\":\"default\"},{\"value\":\"wrapperOutfit\"}]}},\"hasina\":{\"value\":{\"id\":\"hasina\",\"ownedOutfits\":[{\"value\":\"default\"},{\"value\":\"worldCupOutfit\"},{\"value\":\"holidayOutfit\"}]}},\"tiger\":{\"value\":{\"id\":\"tiger\",\"ownedOutfits\":[{\"value\":\"default\"}]}},\"charlie\":{\"value\":{\"id\":\"charlie\",\"ownedOutfits\":[{\"value\":\"default\"}]}},\"pink\":{\"value\":{\"id\":\"pink\",\"ownedOutfits\":[{\"value\":\"default\"},{\"value\":\"spellcasterOutfit\"},{\"value\":\"witchcapOutfit\"}]}},\"george\":{\"value\":{\"id\":\"george\",\"ownedOutfits\":[{\"value\":\"default\"},{\"value\":\"moonbunOutfit\"},{\"value\":\"eggstravaganzaOutfit\"}]}},\"dummy\":{\"value\":{\"id\":\"dummy\",\"ownedOutfits\":[{\"value\":\"default\"},{\"value\":\"skellyOutfit\"}]}},\"superRunnerJake\":{\"value\":{\"id\":\"superRunnerJake\",\"ownedOutfits\":[{\"value\":\"default\"}]}},\"superRunnerTricky\":{\"value\":{\"id\":\"superRunnerTricky\",\"ownedOutfits\":[{\"value\":\"default\"}]}},\"prideMissMaia\":{\"value\":{\"id\":\"prideMissMaia\",\"ownedOutfits\":[{\"value\":\"default\"}]}},\"superRunnerFresh\":{\"value\":{\"id\":\"superRunnerFresh\",\"ownedOutfits\":[{\"value\":\"default\"}]}},\"superRunnerYutani\":{\"value\":{\"id\":\"superRunnerYutani\",\"ownedOutfits\":[{\"value\":\"default\"}]}},\"theBurgerKing\":{\"value\":{\"id\":\"theBurgerKing\",\"ownedOutfits\":[{\"value\":\"default\"}]}},\"moira\":{\"value\":{\"id\":\"moira\",\"ownedOutfits\":[{\"value\":\"default\"},{\"value\":\"thetouristOutfit\"},{\"value\":\"theholiOutfit\"}]}},\"zihao\":{\"value\":{\"id\":\"zihao\",\"ownedOutfits\":[{\"value\":\"default\"},{\"value\":\"vanillastrawberryOutfit\"}]}},\"alia\":{\"value\":{\"id\":\"alia\",\"ownedOutfits\":[{\"value\":\"default\"},{\"value\":\"sneakyblindersOutfit\"}]}},\"fantasma\":{\"value\":{\"id\":\"fantasma\",\"ownedOutfits\":[{\"value\":\"default\"}]}},\"songYi\":{\"value\":{\"id\":\"songYi\",\"ownedOutfits\":[{\"value\":\"default\"},{\"value\":\"goldencrushOutfit\"}]}},\"fernando\":{\"value\":{\"id\":\"fernando\",\"ownedOutfits\":[{\"value\":\"default\"},{\"value\":\"superscoutOutfit\"}]}},\"elfJake\":{\"value\":{\"id\":\"elfJake\",\"ownedOutfits\":[{\"value\":\"default\"}]}},\"elfFresh\":{\"value\":{\"id\":\"elfFresh\",\"ownedOutfits\":[{\"value\":\"default\"}]}},\"elfYutani\":{\"value\":{\"id\":\"elfYutani\",\"ownedOutfits\":[{\"value\":\"default\"}]}},\"rabbit\":{\"value\":{\"id\":\"rabbit\",\"ownedOutfits\":[{\"value\":\"default\"}]}},\"soul\":{\"value\":{\"id\":\"soul\",\"ownedOutfits\":[{\"value\":\"default\"}]}},\"tutti\":{\"value\":{\"id\":\"tutti\",\"ownedOutfits\":[{\"value\":\"default\"}]}},\"frutti\":{\"value\":{\"id\":\"frutti\",\"ownedOutfits\":[{\"value\":\"default\"}]}},\"spraybot\":{\"value\":{\"id\":\"spraybot\",\"ownedOutfits\":[{\"value\":\"default\"}]}},\"catrine\":{\"value\":{\"id\":\"catrine\",\"ownedOutfits\":[{\"value\":\"default\"},{\"value\":\"trailmixOutfit\"}]}},\"rain\":{\"value\":{\"id\":\"rain\",\"ownedOutfits\":[{\"value\":\"default\"},{\"value\":\"gardenOutfit\"}]}},\"alfie\":{\"value\":{\"id\":\"alfie\",\"ownedOutfits\":[{\"value\":\"default\"},{\"value\":\"cupidOutfit\"},{\"value\":\"backyardtrollOutfit\"}]}},\"bruno\":{\"value\":{\"id\":\"bruno\",\"ownedOutfits\":[{\"value\":\"default\"}]}},\"taina\":{\"value\":{\"id\":\"taina\",\"ownedOutfits\":[{\"value\":\"default\"},{\"value\":\"judokaOutfit\"}]}},\"yutaniHarlequinToad\":{\"value\":{\"id\":\"yutaniHarlequinToad\",\"ownedOutfits\":[{\"value\":\"default\"}]}},\"yuto\":{\"value\":{\"id\":\"yuto\",\"ownedOutfits\":[{\"value\":\"default\"}]}},\"hali\":{\"value\":{\"id\":\"hali\",\"ownedOutfits\":[{\"value\":\"default\"}]}},\"thursday\":{\"value\":{\"id\":\"thursday\",\"ownedOutfits\":[{\"value\":\"default\"},{\"value\":\"lilImpOutfit\"}]}},\"outatimeJake\":{\"value\":{\"id\":\"outatimeJake\",\"ownedOutfits\":[{\"value\":\"default\"}]}},\"jiYeong\":{\"value\":{\"id\":\"jiYeong\",\"ownedOutfits\":[{\"value\":\"default\"},{\"value\":\"celestialOutfit\"}]}},\"musician\":{\"value\":{\"id\":\"musician\",\"ownedOutfits\":[{\"value\":\"default\"}]}},\"vivienne\":{\"value\":{\"id\":\"vivienne\",\"ownedOutfits\":[{\"value\":\"default\"},{\"value\":\"hollywoodglamOutfit\"}]}},\"lawrence\":{\"value\":{\"id\":\"lawrence\",\"ownedOutfits\":[{\"value\":\"default\"},{\"value\":\"snowballerOutfit\"}]}},\"clockworkJohnny\":{\"value\":{\"id\":\"clockworkJohnny\",\"ownedOutfits\":[{\"value\":\"default\"}]}},\"captainFlash\":{\"value\":{\"id\":\"captainFlash\",\"ownedOutfits\":[{\"value\":\"default\"}]}},\"skye\":{\"value\":{\"id\":\"skye\",\"ownedOutfits\":[{\"value\":\"default\"}]}},\"thunder\":{\"value\":{\"id\":\"thunder\",\"ownedOutfits\":[{\"value\":\"default\"}]}},\"azura\":{\"value\":{\"id\":\"azura\",\"ownedOutfits\":[{\"value\":\"default\"}]}},\"dragonyear\":{\"value\":{\"id\":\"dragonyear\",\"ownedOutfits\":[{\"value\":\"default\"}]}},\"astra\":{\"value\":{\"id\":\"astra\",\"ownedOutfits\":[{\"value\":\"default\"}]}},\"stella\":{\"value\":{\"id\":\"stella\",\"ownedOutfits\":[{\"value\":\"default\"}]}},\"lucky\":{\"value\":{\"id\":\"lucky\",\"ownedOutfits\":[{\"value\":\"default\"}]}},\"meggan\":{\"value\":{\"id\":\"meggan\",\"ownedOutfits\":[{\"value\":\"default\"}]}},\"redpanda\":{\"value\":{\"id\":\"redpanda\",\"ownedOutfits\":[{\"value\":\"default\"}]}},\"hamza\":{\"value\":{\"id\":\"hamza\",\"ownedOutfits\":[{\"value\":\"default\"}]}},\"faiza\":{\"value\":{\"id\":\"faiza\",\"ownedOutfits\":[{\"value\":\"default\"}]}},\"teabot\":{\"value\":{\"id\":\"teabot\",\"ownedOutfits\":[{\"value\":\"default\"}]}},\"finn\":{\"value\":{\"id\":\"finn\",\"ownedOutfits\":[{\"value\":\"default\"}]}},\"electra\":{\"value\":{\"id\":\"electra\",\"ownedOutfits\":[{\"value\":\"default\"}]}},\"hammybee\":{\"value\":{\"id\":\"hammybee\",\"ownedOutfits\":[{\"value\":\"default\"}]}},\"pixeljake\":{\"value\":{\"id\":\"pixeljake\",\"ownedOutfits\":[{\"value\":\"default\"}]}},\"ballerinatricky\":{\"value\":{\"id\":\"ballerinatricky\",\"ownedOutfits\":[{\"value\":\"default\"}]}},\"guardking\":{\"value\":{\"id\":\"guardking\",\"ownedOutfits\":[{\"value\":\"default\"}]}},\"riley\":{\"value\":{\"id\":\"riley\",\"ownedOutfits\":[{\"value\":\"default\"}]}},\"lily\":{\"value\":{\"id\":\"lily\",\"ownedOutfits\":[{\"value\":\"default\"}]}},\"rudyrascal\":{\"value\":{\"id\":\"rudyrascal\",\"ownedOutfits\":[{\"value\":\"default\"}]}},\"ventura\":{\"value\":{\"id\":\"ventura\",\"ownedOutfits\":[{\"value\":\"default\"}]}},\"glorgalax\":{\"value\":{\"id\":\"glorgalax\",\"ownedOutfits\":[{\"value\":\"default\"}]}},\"helene\":{\"value\":{\"id\":\"helene\",\"ownedOutfits\":[{\"value\":\"default\"}]}},\"leo\":{\"value\":{\"id\":\"leo\",\"ownedOutfits\":[{\"value\":\"default\"}]}},\"ozzy\":{\"value\":{\"id\":\"ozzy\",\"ownedOutfits\":[{\"value\":\"default\"}]}},\"pins\":{\"value\":{\"id\":\"pins\",\"ownedOutfits\":[{\"value\":\"default\"}]}},\"audrey\":{\"value\":{\"id\":\"audrey\",\"ownedOutfits\":[{\"value\":\"default\"}]}},\"billybean\":{\"value\":{\"id\":\"billybean\",\"ownedOutfits\":[{\"value\":\"default\"}]}},\"ruhi\":{\"value\":{\"id\":\"ruhi\",\"ownedOutfits\":[{\"value\":\"default\"}]}},\"kedi\":{\"value\":{\"id\":\"kedi\",\"ownedOutfits\":[{\"value\":\"default\"}]}},\"drflyman\":{\"value\":{\"id\":\"drflyman\",\"ownedOutfits\":[{\"value\":\"default\"}]}},\"pumpkinpete\":{\"value\":{\"id\":\"pumpkinpete\",\"ownedOutfits\":[{\"value\":\"default\"}]}},\"logan\":{\"value\":{\"id\":\"logan\",\"ownedOutfits\":[{\"value\":\"default\"}]}},\"ginger\":{\"value\":{\"id\":\"ginger\",\"ownedOutfits\":[{\"value\":\"default\"}]}},\"leif\":{\"value\":{\"id\":\"leif\",\"ownedOutfits\":[{\"value\":\"default\"}]}},\"sindri\":{\"value\":{\"id\":\"sindri\",\"ownedOutfits\":[{\"value\":\"default\"}]}},\"snowy\":{\"value\":{\"id\":\"snowy\",\"ownedOutfits\":[{\"value\":\"default\"}]}},\"grandjuke\":{\"value\":{\"id\":\"grandjuke\",\"ownedOutfits\":[{\"value\":\"default\"}]}},\"snake\":{\"value\":{\"id\":\"snake\",\"ownedOutfits\":[{\"value\":\"default\"}]}},\"tangyuan\":{\"value\":{\"id\":\"tangyuan\",\"ownedOutfits\":[{\"value\":\"default\"}]}},\"demi\":{\"value\":{\"id\":\"demi\",\"ownedOutfits\":[{\"value\":\"default\"}]}}}}"
}