{
  "version": 1,
  "data": "{\"lastSaved\":\"0001-01-01T00:00:00Z\",\"patchVersion\":1,\"challengeStates\":{\"s97_hauntedhood_st_tot\":{\"challengeId\":\"s97_hauntedhood_st_tot\",\"challengeType\":\"ui.chase_target.title\",\"challengeServerId\":\"staged_tot\",\"currentSetEntryID\":\"s97_hauntedhood_st_tot\",\"currentSetEntryTimeSlot\":\"season_s97_hauntedhood_st_tot\",\"currentScore\":2147483647,\"highScore\":2147483647,\"startDate\":\"0001-01-01T00:00:00Z\",\"endDate\":\"2025-03-18T05:50:39Z\",\"rewardStates\":[{\"State\":10,\"RequiredScore\":200,\"OriginalRequiredScore\":200,\"Rewards\":[{\"reward\":{\"id\":\"Hoverboards\",\"type\":\"Currency\",\"value\":3,\"claimed\":true}},{\"fallbackReward\":{\"id\":\"Coins\",\"type\":\"Currency\",\"value\":200,\"claimed\":true},\"reward\":{\"id\":\"EventCoins\",\"type\":\"Currency\",\"value\":200,\"claimed\":true},\"timeslot\":\"season_S97\"}]},{\"State\":10,\"RequiredScore\":200,\"OriginalRequiredScore\":200,\"Rewards\":[{\"reward\":{\"id\":\"HeadStarts\",\"type\":\"Currency\",\"value\":1,\"claimed\":true}},{\"fallbackReward\":{\"id\":\"Coins\",\"type\":\"Currency\",\"value\":400,\"claimed\":true},\"reward\":{\"id\":\"EventCoins\",\"type\":\"Currency\",\"value\":400,\"claimed\":true},\"timeslot\":\"season_S97\"},{\"fallbackReward\":{\"id\":\"Coins\",\"type\":\"Currency\",\"value\":1000,\"claimed\":true},\"reward\":{\"type\":\"SeasonHuntToken\",\"value\":2,\"claimed\":true},\"timeslot\":\"season_S97\"}]},{\"State\":10,\"RequiredScore\":400,\"OriginalRequiredScore\":400,\"Rewards\":[{\"reward\":{\"id\":\"ScoreBoosters\",\"type\":\"Currency\",\"value\":1,\"claimed\":true}},{\"fallbackReward\":{\"id\":\"Coins\",\"type\":\"Currency\",\"value\":400,\"claimed\":true},\"reward\":{\"id\":\"EventCoins\",\"type\":\"Currency\",\"value\":400,\"claimed\":true},\"timeslot\":\"season_S97\"},{\"fallbackReward\":{\"id\":\"Coins\",\"type\":\"Currency\",\"value\":1000,\"claimed\":true},\"reward\":{\"type\":\"SeasonHuntToken\",\"value\":2,\"claimed\":true},\"timeslot\":\"season_S97\"}]},{\"State\":10,\"RequiredScore\":900,\"OriginalRequiredScore\":900,\"Rewards\":[{\"reward\":{\"id\":\"HeadStarts\",\"type\":\"Currency\",\"value\":1,\"claimed\":true}},{\"fallbackReward\":{\"id\":\"Coins\",\"type\":\"Currency\",\"value\":200,\"claimed\":true},\"reward\":{\"id\":\"EventCoins\",\"type\":\"Currency\",\"value\":200,\"claimed\":true},\"timeslot\":\"season_S97\"}]},{\"State\":10,\"RequiredScore\":1500,\"OriginalRequiredScore\":1500,\"Rewards\":[{\"reward\":{\"id\":\"Hoverboards\",\"type\":\"Currency\",\"value\":4,\"claimed\":true}},{\"fallbackReward\":{\"id\":\"Coins\",\"type\":\"Currency\",\"value\":200,\"claimed\":true},\"reward\":{\"id\":\"EventCoins\",\"type\":\"Currency\",\"value\":200,\"claimed\":true},\"timeslot\":\"season_S97\"},{\"fallbackReward\":{\"id\":\"Coins\",\"type\":\"Currency\",\"value\":1500,\"claimed\":true},\"reward\":{\"type\":\"SeasonHuntToken\",\"value\":3,\"claimed\":true},\"timeslot\":\"season_S97\"}]},{\"State\":10,\"RequiredScore\":2100,\"OriginalRequiredScore\":2100,\"Rewards\":[{\"fallbackReward\":{\"id\":\"Coins\",\"type\":\"Currency\",\"value\":1000,\"claimed\":true},\"reward\":{\"id\":\"EventCoins\",\"type\":\"Currency\",\"value\":1000,\"claimed\":true},\"timeslot\":\"season_S97\"}]},{\"State\":10,\"RequiredScore\":2400,\"OriginalRequiredScore\":2400,\"Rewards\":[{\"reward\":{\"id\":\"HeadStarts\",\"type\":\"Currency\",\"value\":1,\"claimed\":true}},{\"fallbackReward\":{\"id\":\"Coins\",\"type\":\"Currency\",\"value\":400,\"claimed\":true},\"reward\":{\"id\":\"EventCoins\",\"type\":\"Currency\",\"value\":400,\"claimed\":true},\"timeslot\":\"season_S97\"}]},{\"State\":10,\"RequiredScore\":2400,\"OriginalRequiredScore\":2400,\"Rewards\":[{\"reward\":{\"id\":\"Hoverboards\",\"type\":\"Currency\",\"value\":2,\"claimed\":true}},{\"fallbackReward\":{\"id\":\"Coins\",\"type\":\"Currency\",\"value\":600,\"claimed\":true},\"reward\":{\"id\":\"EventCoins\",\"type\":\"Currency\",\"value\":600,\"claimed\":true},\"timeslot\":\"season_S97\"},{\"fallbackReward\":{\"id\":\"Coins\",\"type\":\"Currency\",\"value\":1000,\"claimed\":true},\"reward\":{\"type\":\"SeasonHuntToken\",\"value\":2,\"claimed\":true},\"timeslot\":\"season_S97\"}]},{\"State\":10,\"RequiredScore\":2800,\"OriginalRequiredScore\":2800,\"Rewards\":[{\"reward\":{\"id\":\"ScoreBoosters\",\"type\":\"Currency\",\"value\":1,\"claimed\":true}},{\"fallbackReward\":{\"id\":\"Coins\",\"type\":\"Currency\",\"value\":600,\"claimed\":true},\"reward\":{\"id\":\"EventCoins\",\"type\":\"Currency\",\"value\":600,\"claimed\":true},\"timeslot\":\"season_S97\"},{\"fallbackReward\":{\"id\":\"Coins\",\"type\":\"Currency\",\"value\":1000,\"claimed\":true},\"reward\":{\"type\":\"SeasonHuntToken\",\"value\":2,\"claimed\":true},\"timeslot\":\"season_S97\"}]},{\"State\":10,\"RequiredScore\":3600,\"OriginalRequiredScore\":3600,\"Rewards\":[{\"reward\":{\"id\":\"Hoverboards\",\"type\":\"Currency\",\"value\":4,\"claimed\":true}},{\"fallbackReward\":{\"id\":\"Coins\",\"type\":\"Currency\",\"value\":700,\"claimed\":true},\"reward\":{\"id\":\"EventCoins\",\"type\":\"Currency\",\"value\":700,\"claimed\":true},\"timeslot\":\"season_S97\"}]},{\"State\":10,\"RequiredScore\":4500,\"OriginalRequiredScore\":4500,\"Rewards\":[{\"reward\":{\"id\":\"HeadStarts\",\"type\":\"Currency\",\"value\":1,\"claimed\":true}},{\"fallbackReward\":{\"id\":\"Coins\",\"type\":\"Currency\",\"value\":200,\"claimed\":true},\"reward\":{\"id\":\"EventCoins\",\"type\":\"Currency\",\"value\":200,\"claimed\":true},\"timeslot\":\"season_S97\"}]},{\"State\":10,\"RequiredScore\":6000,\"OriginalRequiredScore\":6000,\"Rewards\":[{\"reward\":{\"id\":\"Hoverboards\",\"type\":\"Currency\",\"value\":5,\"claimed\":true}},{\"fallbackReward\":{\"id\":\"Coins\",\"type\":\"Currency\",\"value\":1200,\"claimed\":true},\"reward\":{\"id\":\"EventCoins\",\"type\":\"Currency\",\"value\":1200,\"claimed\":true},\"timeslot\":\"season_S97\"},{\"fallbackReward\":{\"id\":\"Coins\",\"type\":\"Currency\",\"value\":1500,\"claimed\":true},\"reward\":{\"type\":\"SeasonHuntToken\",\"value\":3,\"claimed\":true},\"timeslot\":\"season_S97\"}]},{\"State\":10,\"RequiredScore\":6500,\"OriginalRequiredScore\":6500,\"Rewards\":[{\"reward\":{\"id\":\"ScoreBoosters\",\"type\":\"Currency\",\"value\":1,\"claimed\":true}},{\"fallbackReward\":{\"id\":\"Coins\",\"type\":\"Currency\",\"value\":300,\"claimed\":true},\"reward\":{\"id\":\"EventCoins\",\"type\":\"Currency\",\"value\":300,\"claimed\":true},\"timeslot\":\"season_S97\"}]},{\"State\":10,\"RequiredScore\":6500,\"OriginalRequiredScore\":6500,\"Rewards\":[{\"reward\":{\"id\":\"HeadStarts\",\"type\":\"Currency\",\"value\":3,\"claimed\":true}},{\"fallbackReward\":{\"id\":\"Coins\",\"type\":\"Currency\",\"value\":500,\"claimed\":true},\"reward\":{\"id\":\"EventCoins\",\"type\":\"Currency\",\"value\":500,\"claimed\":true},\"timeslot\":\"season_S97\"}]},{\"State\":10,\"RequiredScore\":7000,\"OriginalRequiredScore\":7000,\"Rewards\":[{\"reward\":{\"id\":\"Hoverboards\",\"type\":\"Currency\",\"value\":3,\"claimed\":true}},{\"fallbackReward\":{\"id\":\"Coins\",\"type\":\"Currency\",\"value\":500,\"claimed\":true},\"reward\":{\"id\":\"EventCoins\",\"type\":\"Currency\",\"value\":500,\"claimed\":true},\"timeslot\":\"season_S97\"}]},{\"State\":10,\"RequiredScore\":7500,\"OriginalRequiredScore\":7500,\"Rewards\":[{\"reward\":{\"id\":\"HeadStarts\",\"type\":\"Currency\",\"value\":1,\"claimed\":true}},{\"fallbackReward\":{\"id\":\"Coins\",\"type\":\"Currency\",\"value\":200,\"claimed\":true},\"reward\":{\"id\":\"EventCoins\",\"type\":\"Currency\",\"value\":200,\"claimed\":true},\"timeslot\":\"season_S97\"}]},{\"State\":10,\"RequiredScore\":8000,\"OriginalRequiredScore\":8000,\"Rewards\":[{\"reward\":{\"id\":\"ScoreBoosters\",\"type\":\"Currency\",\"value\":1,\"claimed\":true}},{\"fallbackReward\":{\"id\":\"Coins\",\"type\":\"Currency\",\"value\":200,\"claimed\":true},\"reward\":{\"id\":\"EventCoins\",\"type\":\"Currency\",\"value\":200,\"claimed\":true},\"timeslot\":\"season_S97\"}]},{\"State\":10,\"RequiredScore\":9000,\"OriginalRequiredScore\":9000,\"Rewards\":[{\"fallbackReward\":{\"id\":\"Coins\",\"type\":\"Currency\",\"value\":700,\"claimed\":true},\"reward\":{\"id\":\"EventCoins\",\"type\":\"Currency\",\"value\":700,\"claimed\":true},\"timeslot\":\"season_S97\"},{\"fallbackReward\":{\"id\":\"Coins\",\"type\":\"Currency\",\"value\":1500,\"claimed\":true},\"reward\":{\"type\":\"SeasonHuntToken\",\"value\":3,\"claimed\":true},\"timeslot\":\"season_S97\"}]},{\"State\":10,\"RequiredScore\":9500,\"OriginalRequiredScore\":9500,\"Rewards\":[{\"reward\":{\"id\":\"ScoreBoosters\",\"type\":\"Currency\",\"value\":1,\"claimed\":true}},{\"fallbackReward\":{\"id\":\"Coins\",\"type\":\"Currency\",\"value\":300,\"claimed\":true},\"reward\":{\"id\":\"EventCoins\",\"type\":\"Currency\",\"value\":300,\"claimed\":true},\"timeslot\":\"season_S97\"}]},{\"State\":10,\"RequiredScore\":9500,\"OriginalRequiredScore\":9500,\"Rewards\":[{\"reward\":{\"id\":\"ScoreBoosters\",\"type\":\"Currency\",\"value\":3,\"claimed\":true}},{\"fallbackReward\":{\"id\":\"Coins\",\"type\":\"Currency\",\"value\":800,\"claimed\":true},\"reward\":{\"id\":\"EventCoins\",\"type\":\"Currency\",\"value\":800,\"claimed\":true},\"timeslot\":\"season_S97\"},{\"fallbackReward\":{\"id\":\"Coins\",\"type\":\"Currency\",\"value\":1000,\"claimed\":true},\"reward\":{\"type\":\"SeasonHuntToken\",\"value\":2,\"claimed\":true},\"timeslot\":\"season_S97\"}]},{\"State\":10,\"RequiredScore\":10000,\"OriginalRequiredScore\":10000,\"Rewards\":[{\"reward\":{\"id\":\"Hoverboards\",\"type\":\"Currency\",\"value\":4,\"claimed\":true}},{\"fallbackReward\":{\"id\":\"Coins\",\"type\":\"Currency\",\"value\":800,\"claimed\":true},\"reward\":{\"id\":\"EventCoins\",\"type\":\"Currency\",\"value\":800,\"claimed\":true},\"timeslot\":\"season_S97\"},{\"fallbackReward\":{\"id\":\"Coins\",\"type\":\"Currency\",\"value\":1000,\"claimed\":true},\"reward\":{\"type\":\"SeasonHuntToken\",\"value\":2,\"claimed\":true},\"timeslot\":\"season_S97\"}]},{\"State\":10,\"RequiredScore\":11500,\"OriginalRequiredScore\":11500,\"Rewards\":[{\"reward\":{\"id\":\"HeadStarts\",\"type\":\"Currency\",\"value\":1,\"claimed\":true}},{\"fallbackReward\":{\"id\":\"Coins\",\"type\":\"Currency\",\"value\":200,\"claimed\":true},\"reward\":{\"id\":\"EventCoins\",\"type\":\"Currency\",\"value\":200,\"claimed\":true},\"timeslot\":\"season_S97\"}]},{\"State\":10,\"RequiredScore\":13000,\"OriginalRequiredScore\":13000,\"Rewards\":[{\"reward\":{\"id\":\"Hoverboards\",\"type\":\"Currency\",\"value\":5,\"claimed\":true}},{\"fallbackReward\":{\"id\":\"Coins\",\"type\":\"Currency\",\"value\":500,\"claimed\":true},\"reward\":{\"id\":\"EventCoins\",\"type\":\"Currency\",\"value\":500,\"claimed\":true},\"timeslot\":\"season_S97\"}]},{\"State\":10,\"RequiredScore\":15500,\"OriginalRequiredScore\":15500,\"Rewards\":[{\"reward\":{\"id\":\"ScoreBoosters\",\"type\":\"Currency\",\"value\":2,\"claimed\":true}},{\"fallbackReward\":{\"id\":\"Coins\",\"type\":\"Currency\",\"value\":2000,\"claimed\":true},\"reward\":{\"id\":\"EventCoins\",\"type\":\"Currency\",\"value\":2000,\"claimed\":true},\"timeslot\":\"season_S97\"},{\"fallbackReward\":{\"id\":\"Coins\",\"type\":\"Currency\",\"value\":1500,\"claimed\":true},\"reward\":{\"type\":\"SeasonHuntToken\",\"value\":3,\"claimed\":true},\"timeslot\":\"season_S97\"}]},{\"State\":10,\"RequiredScore\":18000,\"OriginalRequiredScore\":18000,\"Rewards\":[{\"reward\":{\"id\":\"ScoreBoosters\",\"type\":\"Currency\",\"value\":1,\"claimed\":true}},{\"fallbackReward\":{\"id\":\"Coins\",\"type\":\"Currency\",\"value\":600,\"claimed\":true},\"reward\":{\"id\":\"EventCoins\",\"type\":\"Currency\",\"value\":600,\"claimed\":true},\"timeslot\":\"season_S97\"}]},{\"State\":10,\"RequiredScore\":18000,\"OriginalRequiredScore\":18000,\"Rewards\":[{\"reward\":{\"id\":\"HeadStarts\",\"type\":\"Currency\",\"value\":3,\"claimed\":true}},{\"fallbackReward\":{\"id\":\"Coins\",\"type\":\"Currency\",\"value\":1000,\"claimed\":true},\"reward\":{\"id\":\"EventCoins\",\"type\":\"Currency\",\"value\":1000,\"claimed\":true},\"timeslot\":\"season_S97\"},{\"fallbackReward\":{\"id\":\"Coins\",\"type\":\"Currency\",\"value\":1000,\"claimed\":true},\"reward\":{\"type\":\"SeasonHuntToken\",\"value\":2,\"claimed\":true},\"timeslot\":\"season_S97\"}]},{\"State\":10,\"RequiredScore\":21000,\"OriginalRequiredScore\":21000,\"Rewards\":[{\"reward\":{\"id\":\"Hoverboards\",\"type\":\"Currency\",\"value\":3,\"claimed\":true}},{\"fallbackReward\":{\"id\":\"Coins\",\"type\":\"Currency\",\"value\":1000,\"claimed\":true},\"reward\":{\"id\":\"EventCoins\",\"type\":\"Currency\",\"value\":1000,\"claimed\":true},\"timeslot\":\"season_S97\"},{\"fallbackReward\":{\"id\":\"Coins\",\"type\":\"Currency\",\"value\":1000,\"claimed\":true},\"reward\":{\"type\":\"SeasonHuntToken\",\"value\":2,\"claimed\":true},\"timeslot\":\"season_S97\"}]},{\"State\":10,\"RequiredScore\":25000,\"OriginalRequiredScore\":25000,\"Rewards\":[{\"reward\":{\"id\":\"HeadStarts\",\"type\":\"Currency\",\"value\":1,\"claimed\":true}},{\"fallbackReward\":{\"id\":\"Coins\",\"type\":\"Currency\",\"value\":1000,\"claimed\":true},\"reward\":{\"id\":\"EventCoins\",\"type\":\"Currency\",\"value\":1000,\"claimed\":true},\"timeslot\":\"season_S97\"}]},{\"State\":10,\"RequiredScore\":32000,\"OriginalRequiredScore\":32000,\"Rewards\":[{\"fallbackReward\":{\"id\":\"Coins\",\"type\":\"Currency\",\"value\":1000,\"claimed\":true},\"reward\":{\"id\":\"EventCoins\",\"type\":\"Currency\",\"value\":1000,\"claimed\":true},\"timeslot\":\"season_S97\"},{\"fallbackReward\":{\"id\":\"Coins\",\"type\":\"Currency\",\"value\":2500,\"claimed\":true},\"reward\":{\"type\":\"SeasonHuntToken\",\"value\":5,\"claimed\":true},\"timeslot\":\"season_S97\"}]},{\"State\":10,\"RequiredScore\":40000,\"OriginalRequiredScore\":40000,\"Rewards\":[{\"reward\":{\"id\":\"fantasmaCarnavalOutfit\",\"type\":\"Character\",\"value\":1,\"claimed\":true}}]}],\"rewardUnlockOffset\":[24,48,72,96,120],\"matchmakingId\":\"dailyChallenge\",\"requirements\":{\"access\":{\"data\":[{\"operator\":\"GreaterEqual\",\"type\":\"BaseMultiplier\",\"value\":\"4\"}],\"operator\":\"And\"},\"participation\":{\"data\":[{\"type\":\"SelectedCharacter\",\"operator\":\"Equal\",\"value\":\"fantasmaCarnavalOutfit,fantasma\",\"meta\":{\"items\":[{\"alternativeSkipCost\":[{\"adPlacement\":\"SkipCharacterCooldown\",\"currencyType\":\"Ads\",\"value\":1}],\"cooldown\":7200,\"id\":\"fantasmaCarnavalOutfit\",\"limitRuns\":1,\"skipCostKeys\":[16],\"tryable\":true},{\"alternativeSkipCost\":[{\"adPlacement\":\"SkipCharacterCooldown\",\"currencyType\":\"Ads\",\"value\":1}],\"cooldown\":7200,\"id\":\"fantasma\",\"limitRuns\":1,\"skipCostKeys\":[16],\"tryable\":true}]}}],\"operator\":\"And\"}},\"kind\":4,\"targetCity\":\"hauntedhood\",\"markAsSeen\":true,\"gameMode\":\"chaseTarget\"},\"s97_onerun_venicebeach_mrt\":{\"challengeId\":\"s97_onerun_venicebeach_mrt\",\"challengeType\":\"ui.challenge.womens_day_run\",\"challengeServerId\":\"marathon\",\"currentSetEntryID\":\"s97_onerun_venicebeach_mrt\",\"currentSetEntryTimeSlot\":\"season_s97_onerun_venicebeach_mrt\",\"currentScore\":2147483647,\"highScore\":2147483647,\"startDate\":\"0001-01-01T00:00:00Z\",\"endDate\":\"2025-03-18T05:50:39Z\",\"rewardStates\":[{\"State\":10,\"RequiredScore\":25000,\"OriginalRequiredScore\":25000,\"Rewards\":[{\"reward\":{\"id\":\"HeadStarts\",\"type\":\"Currency\",\"value\":1,\"claimed\":true}},{\"fallbackReward\":{\"id\":\"Coins\",\"type\":\"Currency\",\"value\":500,\"claimed\":true},\"reward\":{\"id\":\"EventCoins\",\"type\":\"Currency\",\"value\":500,\"claimed\":true},\"timeslot\":\"season_S97\"}]},{\"State\":10,\"RequiredScore\":25000,\"OriginalRequiredScore\":25000,\"Rewards\":[{\"reward\":{\"id\":\"ScoreBoosters\",\"type\":\"Currency\",\"value\":1,\"claimed\":true}},{\"fallbackReward\":{\"id\":\"Coins\",\"type\":\"Currency\",\"value\":1000,\"claimed\":true},\"reward\":{\"id\":\"EventCoins\",\"type\":\"Currency\",\"value\":1000,\"claimed\":true},\"timeslot\":\"season_S97\"}]},{\"State\":10,\"RequiredScore\":95000,\"OriginalRequiredScore\":95000,\"Rewards\":[{\"fallbackReward\":{\"id\":\"Coins\",\"type\":\"Currency\",\"value\":1000,\"claimed\":true},\"reward\":{\"type\":\"SeasonHuntToken\",\"value\":2,\"claimed\":true},\"timeslot\":\"season_S97\"},{\"fallbackReward\":{\"id\":\"Coins\",\"type\":\"Currency\",\"value\":500,\"claimed\":true},\"reward\":{\"id\":\"EventCoins\",\"type\":\"Currency\",\"value\":500,\"claimed\":true},\"timeslot\":\"season_S97\"}]},{\"State\":10,\"RequiredScore\":170000,\"OriginalRequiredScore\":170000,\"Rewards\":[{\"reward\":{\"id\":\"Hoverboards\",\"type\":\"Currency\",\"value\":2,\"claimed\":true}},{\"fallbackReward\":{\"id\":\"Coins\",\"type\":\"Currency\",\"value\":500,\"claimed\":true},\"reward\":{\"id\":\"EventCoins\",\"type\":\"Currency\",\"value\":500,\"claimed\":true},\"timeslot\":\"season_S97\"}]},{\"State\":10,\"RequiredScore\":170000,\"OriginalRequiredScore\":170000,\"Rewards\":[{\"reward\":{\"id\":\"ScoreBoosters\",\"type\":\"Currency\",\"value\":1,\"claimed\":true}},{\"fallbackReward\":{\"id\":\"Coins\",\"type\":\"Currency\",\"value\":2000,\"claimed\":true},\"reward\":{\"id\":\"EventCoins\",\"type\":\"Currency\",\"value\":2000,\"claimed\":true},\"timeslot\":\"season_S97\"}]},{\"State\":10,\"RequiredScore\":240000,\"OriginalRequiredScore\":240000,\"Rewards\":[{\"fallbackReward\":{\"id\":\"Coins\",\"type\":\"Currency\",\"value\":1500,\"claimed\":true},\"reward\":{\"type\":\"SeasonHuntToken\",\"value\":3,\"claimed\":true},\"timeslot\":\"season_S97\"},{\"fallbackReward\":{\"id\":\"Coins\",\"type\":\"Currency\",\"value\":500,\"claimed\":true},\"reward\":{\"id\":\"EventCoins\",\"type\":\"Currency\",\"value\":500,\"claimed\":true},\"timeslot\":\"season_S97\"}]},{\"State\":10,\"RequiredScore\":310000,\"OriginalRequiredScore\":310000,\"Rewards\":[{\"reward\":{\"id\":\"Hoverboards\",\"type\":\"Currency\",\"value\":3,\"claimed\":true}},{\"fallbackReward\":{\"id\":\"Coins\",\"type\":\"Currency\",\"value\":2500,\"claimed\":true},\"reward\":{\"type\":\"SeasonHuntToken\",\"value\":5,\"claimed\":true},\"timeslot\":\"season_S97\"},{\"fallbackReward\":{\"id\":\"Coins\",\"type\":\"Currency\",\"value\":2000,\"claimed\":true},\"reward\":{\"id\":\"EventCoins\",\"type\":\"Currency\",\"value\":2000,\"claimed\":true},\"timeslot\":\"season_S97\"}]},{\"State\":10,\"RequiredScore\":400000,\"OriginalRequiredScore\":400000,\"Rewards\":[{\"reward\":{\"id\":\"yutani_graffiti_portrait\",\"type\":\"ProfilePortrait\",\"value\":1,\"claimed\":true}}]}],\"rewardUnlockOffset\":[],\"matchmakingId\":\"dailyChallenge\",\"requirements\":{\"access\":{\"data\":[{\"operator\":\"GreaterEqual\",\"type\":\"BaseMultiplier\",\"value\":\"4\"}],\"operator\":\"And\"},\"participation\":{\"data\":[{\"type\":\"SelectedCharacter\",\"operator\":\"Equal\",\"value\":\"yutani,cleo,mimi,pink\",\"meta\":{\"items\":[{\"alternativeSkipCost\":[{\"adPlacement\":\"SkipCharacterCooldown\",\"currencyType\":\"Ads\",\"value\":1}],\"cooldown\":7200,\"id\":\"yutani\",\"limitRuns\":1,\"skipCostKeys\":[16],\"tryable\":true},{\"alternativeSkipCost\":[{\"adPlacement\":\"SkipCharacterCooldown\",\"currencyType\":\"Ads\",\"value\":1}],\"cooldown\":1800,\"id\":\"cleo\",\"limitRuns\":1,\"skipCostKeys\":[16]},{\"alternativeSkipCost\":[{\"adPlacement\":\"SkipCharacterCooldown\",\"currencyType\":\"Ads\",\"value\":1}],\"cooldown\":1800,\"id\":\"mimi\",\"limitRuns\":1,\"skipCostKeys\":[16]},{\"alternativeSkipCost\":[{\"adPlacement\":\"SkipCharacterCooldown\",\"currencyType\":\"Ads\",\"value\":1}],\"cooldown\":1800,\"id\":\"pink\",\"limitRuns\":1,\"skipCostKeys\":[16]}]}}],\"operator\":\"And\"}},\"kind\":4,\"targetCity\":\"venicebeach\",\"markAsSeen\":true,\"gameMode\":\"default_marathon\"},\"s97_istanbul_mrt\":{\"challengeId\":\"s97_istanbul_mrt\",\"challengeType\":\"ui.challengeCity.marathon\",\"challengeServerId\":\"marathon\",\"currentSetEntryID\":\"s97_istanbul_mrt\",\"currentSetEntryTimeSlot\":\"season_s97_istanbul_mrt\",\"currentScore\":2147483647,\"highScore\":2147483647,\"startDate\":\"0001-01-01T00:00:00Z\",\"endDate\":\"2025-03-18T05:50:39Z\",\"rewardStates\":[{\"State\":10,\"RequiredScore\":25000,\"OriginalRequiredScore\":25000,\"Rewards\":[{\"reward\":{\"id\":\"ScoreBoosters\",\"type\":\"Currency\",\"value\":1,\"claimed\":true}},{\"fallbackReward\":{\"id\":\"Coins\",\"type\":\"Currency\",\"value\":100,\"claimed\":true},\"reward\":{\"id\":\"EventCoins\",\"type\":\"Currency\",\"value\":100,\"claimed\":true},\"timeslot\":\"season_S97\"}]},{\"State\":10,\"RequiredScore\":25000,\"OriginalRequiredScore\":25000,\"Rewards\":[{\"reward\":{\"id\":\"Hoverboards\",\"type\":\"Currency\",\"value\":1,\"claimed\":true}},{\"reward\":{\"id\":\"Coins\",\"type\":\"Currency\",\"value\":500,\"claimed\":true}},{\"fallbackReward\":{\"id\":\"Coins\",\"type\":\"Currency\",\"value\":300,\"claimed\":true},\"reward\":{\"id\":\"EventCoins\",\"type\":\"Currency\",\"value\":300,\"claimed\":true},\"timeslot\":\"season_S97\"}]},{\"State\":10,\"RequiredScore\":55000,\"OriginalRequiredScore\":55000,\"Rewards\":[{\"fallbackReward\":{\"id\":\"Coins\",\"type\":\"Currency\",\"value\":500,\"claimed\":true},\"reward\":{\"type\":\"SeasonHuntToken\",\"value\":1,\"claimed\":true},\"timeslot\":\"season_S97\"},{\"fallbackReward\":{\"id\":\"Coins\",\"type\":\"Currency\",\"value\":100,\"claimed\":true},\"reward\":{\"id\":\"EventCoins\",\"type\":\"Currency\",\"value\":100,\"claimed\":true},\"timeslot\":\"season_S97\"}]},{\"State\":10,\"RequiredScore\":85000,\"OriginalRequiredScore\":85000,\"Rewards\":[{\"reward\":{\"id\":\"HeadStarts\",\"type\":\"Currency\",\"value\":1,\"claimed\":true}},{\"fallbackReward\":{\"id\":\"Coins\",\"type\":\"Currency\",\"value\":100,\"claimed\":true},\"reward\":{\"id\":\"EventCoins\",\"type\":\"Currency\",\"value\":100,\"claimed\":true},\"timeslot\":\"season_S97\"}]},{\"State\":10,\"RequiredScore\":85000,\"OriginalRequiredScore\":85000,\"Rewards\":[{\"reward\":{\"id\":\"ScoreBoosters\",\"type\":\"Currency\",\"value\":1,\"claimed\":true}},{\"fallbackReward\":{\"id\":\"Coins\",\"type\":\"Currency\",\"value\":300,\"claimed\":true},\"reward\":{\"id\":\"EventCoins\",\"type\":\"Currency\",\"value\":300,\"claimed\":true},\"timeslot\":\"season_S97\"}]},{\"State\":10,\"RequiredScore\":120000,\"OriginalRequiredScore\":120000,\"Rewards\":[{\"reward\":{\"id\":\"Coins\",\"type\":\"Currency\",\"value\":500,\"claimed\":true}},{\"fallbackReward\":{\"id\":\"Coins\",\"type\":\"Currency\",\"value\":150,\"claimed\":true},\"reward\":{\"id\":\"EventCoins\",\"type\":\"Currency\",\"value\":150,\"claimed\":true},\"timeslot\":\"season_S97\"}]},{\"State\":10,\"RequiredScore\":170000,\"OriginalRequiredScore\":170000,\"Rewards\":[{\"reward\":{\"id\":\"HeadStarts\",\"type\":\"Currency\",\"value\":1,\"claimed\":true}},{\"fallbackReward\":{\"id\":\"Coins\",\"type\":\"Currency\",\"value\":250,\"claimed\":true},\"reward\":{\"id\":\"EventCoins\",\"type\":\"Currency\",\"value\":250,\"claimed\":true},\"timeslot\":\"season_S97\"}]},{\"State\":10,\"RequiredScore\":230000,\"OriginalRequiredScore\":230000,\"Rewards\":[{\"reward\":{\"id\":\"Hoverboards\",\"type\":\"Currency\",\"value\":3,\"claimed\":true}},{\"fallbackReward\":{\"id\":\"Coins\",\"type\":\"Currency\",\"value\":2000,\"claimed\":true},\"reward\":{\"type\":\"SeasonHuntToken\",\"value\":4,\"claimed\":true},\"timeslot\":\"season_S97\"},{\"fallbackReward\":{\"id\":\"Coins\",\"type\":\"Currency\",\"value\":500,\"claimed\":true},\"reward\":{\"id\":\"EventCoins\",\"type\":\"Currency\",\"value\":500,\"claimed\":true},\"timeslot\":\"season_S97\"}]}],\"rewardUnlockOffset\":[],\"matchmakingId\":\"dailyChallenge\",\"requirements\":{\"access\":{\"data\":[{\"operator\":\"GreaterEqual\",\"type\":\"BaseMultiplier\",\"value\":\"4\"}],\"operator\":\"And\"},\"participation\":{\"data\":[{\"type\":\"SelectedCharacter\",\"operator\":\"Equal\",\"value\":\"yutani,cleo,mimi,pink\",\"meta\":{\"items\":[{\"alternativeSkipCost\":[{\"adPlacement\":\"SkipCharacterCooldown\",\"currencyType\":\"Ads\",\"value\":1}],\"cooldown\":7200,\"id\":\"yutani\",\"limitRuns\":1,\"skipCostKeys\":[16],\"tryable\":true},{\"alternativeSkipCost\":[{\"adPlacement\":\"SkipCharacterCooldown\",\"currencyType\":\"Ads\",\"value\":1}],\"cooldown\":1800,\"id\":\"cleo\",\"limitRuns\":1,\"skipCostKeys\":[16]},{\"alternativeSkipCost\":[{\"adPlacement\":\"SkipCharacterCooldown\",\"currencyType\":\"Ads\",\"value\":1}],\"cooldown\":1800,\"id\":\"mimi\",\"limitRuns\":1,\"skipCostKeys\":[16]},{\"alternativeSkipCost\":[{\"adPlacement\":\"SkipCharacterCooldown\",\"currencyType\":\"Ads\",\"value\":1}],\"cooldown\":1800,\"id\":\"pink\",\"limitRuns\":1,\"skipCostKeys\":[16]}]}}],\"operator\":\"And\"}},\"kind\":4,\"targetCity\":\"istanbul\",\"markAsSeen\":true,\"gameMode\":\"default_marathon\"},\"s97_marrakesh_mrt\":{\"challengeId\":\"s97_marrakesh_mrt\",\"challengeType\":\"ui.challengeCity.marathon\",\"challengeServerId\":\"marathon\",\"currentSetEntryID\":\"s97_marrakesh_mrt\",\"currentSetEntryTimeSlot\":\"season_s97_marrakesh_mrt\",\"currentScore\":2147483647,\"highScore\":2147483647,\"startDate\":\"0001-01-01T00:00:00Z\",\"endDate\":\"2025-03-18T05:50:39Z\",\"rewardStates\":[{\"State\":10,\"RequiredScore\":25000,\"OriginalRequiredScore\":25000,\"Rewards\":[{\"reward\":{\"id\":\"HeadStarts\",\"type\":\"Currency\",\"value\":1,\"claimed\":true}},{\"fallbackReward\":{\"id\":\"Coins\",\"type\":\"Currency\",\"value\":100,\"claimed\":true},\"reward\":{\"id\":\"EventCoins\",\"type\":\"Currency\",\"value\":100,\"claimed\":true},\"timeslot\":\"season_S97\"}]},{\"State\":10,\"RequiredScore\":25000,\"OriginalRequiredScore\":25000,\"Rewards\":[{\"reward\":{\"id\":\"ScoreBoosters\",\"type\":\"Currency\",\"value\":1,\"claimed\":true}},{\"reward\":{\"id\":\"Coins\",\"type\":\"Currency\",\"value\":500,\"claimed\":true}},{\"fallbackReward\":{\"id\":\"Coins\",\"type\":\"Currency\",\"value\":300,\"claimed\":true},\"reward\":{\"id\":\"EventCoins\",\"type\":\"Currency\",\"value\":300,\"claimed\":true},\"timeslot\":\"season_S97\"}]},{\"State\":10,\"RequiredScore\":55000,\"OriginalRequiredScore\":55000,\"Rewards\":[{\"fallbackReward\":{\"id\":\"Coins\",\"type\":\"Currency\",\"value\":500,\"claimed\":true},\"reward\":{\"type\":\"SeasonHuntToken\",\"value\":1,\"claimed\":true},\"timeslot\":\"season_S97\"},{\"fallbackReward\":{\"id\":\"Coins\",\"type\":\"Currency\",\"value\":100,\"claimed\":true},\"reward\":{\"id\":\"EventCoins\",\"type\":\"Currency\",\"value\":100,\"claimed\":true},\"timeslot\":\"season_S97\"}]},{\"State\":10,\"RequiredScore\":85000,\"OriginalRequiredScore\":85000,\"Rewards\":[{\"reward\":{\"id\":\"Hoverboards\",\"type\":\"Currency\",\"value\":2,\"claimed\":true}},{\"fallbackReward\":{\"id\":\"Coins\",\"type\":\"Currency\",\"value\":100,\"claimed\":true},\"reward\":{\"id\":\"EventCoins\",\"type\":\"Currency\",\"value\":100,\"claimed\":true},\"timeslot\":\"season_S97\"}]},{\"State\":10,\"RequiredScore\":85000,\"OriginalRequiredScore\":85000,\"Rewards\":[{\"reward\":{\"id\":\"HeadStarts\",\"type\":\"Currency\",\"value\":1,\"claimed\":true}},{\"fallbackReward\":{\"id\":\"Coins\",\"type\":\"Currency\",\"value\":300,\"claimed\":true},\"reward\":{\"id\":\"EventCoins\",\"type\":\"Currency\",\"value\":300,\"claimed\":true},\"timeslot\":\"season_S97\"}]},{\"State\":10,\"RequiredScore\":120000,\"OriginalRequiredScore\":120000,\"Rewards\":[{\"reward\":{\"id\":\"Coins\",\"type\":\"Currency\",\"value\":500,\"claimed\":true}},{\"fallbackReward\":{\"id\":\"Coins\",\"type\":\"Currency\",\"value\":150,\"claimed\":true},\"reward\":{\"id\":\"EventCoins\",\"type\":\"Currency\",\"value\":150,\"claimed\":true},\"timeslot\":\"season_S97\"}]},{\"State\":10,\"RequiredScore\":170000,\"OriginalRequiredScore\":170000,\"Rewards\":[{\"reward\":{\"id\":\"Hoverboards\",\"type\":\"Currency\",\"value\":3,\"claimed\":true}},{\"fallbackReward\":{\"id\":\"Coins\",\"type\":\"Currency\",\"value\":250,\"claimed\":true},\"reward\":{\"id\":\"EventCoins\",\"type\":\"Currency\",\"value\":250,\"claimed\":true},\"timeslot\":\"season_S97\"}]},{\"State\":10,\"RequiredScore\":230000,\"OriginalRequiredScore\":230000,\"Rewards\":[{\"reward\":{\"id\":\"ScoreBoosters\",\"type\":\"Currency\",\"value\":1,\"claimed\":true}},{\"fallbackReward\":{\"id\":\"Coins\",\"type\":\"Currency\",\"value\":2000,\"claimed\":true},\"reward\":{\"type\":\"SeasonHuntToken\",\"value\":4,\"claimed\":true},\"timeslot\":\"season_S97\"},{\"fallbackReward\":{\"id\":\"Coins\",\"type\":\"Currency\",\"value\":500,\"claimed\":true},\"reward\":{\"id\":\"EventCoins\",\"type\":\"Currency\",\"value\":500,\"claimed\":true},\"timeslot\":\"season_S97\"}]}],\"rewardUnlockOffset\":[],\"matchmakingId\":\"dailyChallenge\",\"requirements\":{\"access\":{\"data\":[{\"operator\":\"GreaterEqual\",\"type\":\"BaseMultiplier\",\"value\":\"4\"}],\"operator\":\"And\"},\"participation\":{\"data\":[{\"type\":\"SelectedCharacter\",\"operator\":\"Equal\",\"value\":\"yutani,cleo,mimi,pink\",\"meta\":{\"items\":[{\"alternativeSkipCost\":[{\"adPlacement\":\"SkipCharacterCooldown\",\"currencyType\":\"Ads\",\"value\":1}],\"cooldown\":7200,\"id\":\"yutani\",\"limitRuns\":1,\"skipCostKeys\":[16],\"tryable\":true},{\"alternativeSkipCost\":[{\"adPlacement\":\"SkipCharacterCooldown\",\"currencyType\":\"Ads\",\"value\":1}],\"cooldown\":1800,\"id\":\"cleo\",\"limitRuns\":1,\"skipCostKeys\":[16]},{\"alternativeSkipCost\":[{\"adPlacement\":\"SkipCharacterCooldown\",\"currencyType\":\"Ads\",\"value\":1}],\"cooldown\":1800,\"id\":\"mimi\",\"limitRuns\":1,\"skipCostKeys\":[16]},{\"alternativeSkipCost\":[{\"adPlacement\":\"SkipCharacterCooldown\",\"currencyType\":\"Ads\",\"value\":1}],\"cooldown\":1800,\"id\":\"pink\",\"limitRuns\":1,\"skipCostKeys\":[16]}]}}],\"operator\":\"And\"}},\"kind\":4,\"targetCity\":\"marrakesh\",\"markAsSeen\":true,\"gameMode\":\"default_marathon\"},\"s97_neworleans_mh\":{\"challengeId\":\"s97_neworleans_mh\",\"challengeType\":\"ui.mystery_hurdle.title\",\"challengeServerId\":\"mystery_hurdles\",\"currentSetEntryID\":\"s97_neworleans_mh\",\"currentSetEntryTimeSlot\":\"season_s97_neworleans_mh\",\"currentScore\":2147483647,\"highScore\":2147483647,\"startDate\":\"0001-01-01T00:00:00Z\",\"endDate\":\"2025-03-18T05:50:39Z\",\"rewardStates\":[{\"State\":10,\"RequiredScore\":10000,\"OriginalRequiredScore\":10000,\"Rewards\":[{\"reward\":{\"id\":\"Coins\",\"type\":\"Currency\",\"value\":250,\"claimed\":true}},{\"fallbackReward\":{\"id\":\"Coins\",\"type\":\"Currency\",\"value\":100,\"claimed\":true},\"reward\":{\"id\":\"EventCoins\",\"type\":\"Currency\",\"value\":100,\"claimed\":true},\"timeslot\":\"season_S97\"}]},{\"State\":10,\"RequiredScore\":10000,\"OriginalRequiredScore\":10000,\"Rewards\":[{\"reward\":{\"id\":\"HeadStarts\",\"type\":\"Currency\",\"value\":1,\"claimed\":true}},{\"fallbackReward\":{\"id\":\"Coins\",\"type\":\"Currency\",\"value\":300,\"claimed\":true},\"reward\":{\"id\":\"EventCoins\",\"type\":\"Currency\",\"value\":300,\"claimed\":true},\"timeslot\":\"season_S97\"}]},{\"State\":10,\"RequiredScore\":25000,\"OriginalRequiredScore\":25000,\"Rewards\":[{\"reward\":{\"id\":\"Coins\",\"type\":\"Currency\",\"value\":250,\"claimed\":true}},{\"fallbackReward\":{\"id\":\"Coins\",\"type\":\"Currency\",\"value\":100,\"claimed\":true},\"reward\":{\"id\":\"EventCoins\",\"type\":\"Currency\",\"value\":100,\"claimed\":true},\"timeslot\":\"season_S97\"}]},{\"State\":10,\"RequiredScore\":40000,\"OriginalRequiredScore\":40000,\"Rewards\":[{\"reward\":{\"id\":\"Coins\",\"type\":\"Currency\",\"value\":250,\"claimed\":true}},{\"fallbackReward\":{\"id\":\"Coins\",\"type\":\"Currency\",\"value\":150,\"claimed\":true},\"reward\":{\"id\":\"EventCoins\",\"type\":\"Currency\",\"value\":150,\"claimed\":true},\"timeslot\":\"season_S97\"}]},{\"State\":10,\"RequiredScore\":40000,\"OriginalRequiredScore\":40000,\"Rewards\":[{\"fallbackReward\":{\"id\":\"Coins\",\"type\":\"Currency\",\"value\":1500,\"claimed\":true},\"reward\":{\"type\":\"SeasonHuntToken\",\"value\":3,\"claimed\":true},\"timeslot\":\"season_S97\"},{\"fallbackReward\":{\"id\":\"Coins\",\"type\":\"Currency\",\"value\":800,\"claimed\":true},\"reward\":{\"id\":\"EventCoins\",\"type\":\"Currency\",\"value\":800,\"claimed\":true},\"timeslot\":\"season_S97\"}]},{\"State\":10,\"RequiredScore\":55000,\"OriginalRequiredScore\":55000,\"Rewards\":[{\"reward\":{\"id\":\"Coins\",\"type\":\"Currency\",\"value\":750,\"claimed\":true}},{\"fallbackReward\":{\"id\":\"Coins\",\"type\":\"Currency\",\"value\":200,\"claimed\":true},\"reward\":{\"id\":\"EventCoins\",\"type\":\"Currency\",\"value\":200,\"claimed\":true},\"timeslot\":\"season_S97\"}]},{\"State\":10,\"RequiredScore\":80000,\"OriginalRequiredScore\":80000,\"Rewards\":[{\"fallbackReward\":{\"id\":\"Coins\",\"type\":\"Currency\",\"value\":500,\"claimed\":true},\"reward\":{\"type\":\"SeasonHuntToken\",\"value\":1,\"claimed\":true},\"timeslot\":\"season_S97\"},{\"fallbackReward\":{\"id\":\"Coins\",\"type\":\"Currency\",\"value\":400,\"claimed\":true},\"reward\":{\"id\":\"EventCoins\",\"type\":\"Currency\",\"value\":400,\"claimed\":true},\"timeslot\":\"season_S97\"}]},{\"State\":10,\"RequiredScore\":110000,\"OriginalRequiredScore\":110000,\"Rewards\":[{\"reward\":{\"id\":\"HeadStarts\",\"type\":\"Currency\",\"value\":1,\"claimed\":true}},{\"reward\":{\"id\":\"Coins\",\"type\":\"Currency\",\"value\":1000,\"claimed\":true}},{\"fallbackReward\":{\"id\":\"Coins\",\"type\":\"Currency\",\"value\":550,\"claimed\":true},\"reward\":{\"id\":\"EventCoins\",\"type\":\"Currency\",\"value\":550,\"claimed\":true},\"timeslot\":\"season_S97\"}]},{\"State\":10,\"RequiredScore\":145000,\"OriginalRequiredScore\":145000,\"Rewards\":[{\"fallbackReward\":{\"id\":\"Coins\",\"type\":\"Currency\",\"value\":500,\"claimed\":true},\"reward\":{\"type\":\"SeasonHuntToken\",\"value\":1,\"claimed\":true},\"timeslot\":\"season_S97\"},{\"fallbackReward\":{\"id\":\"Coins\",\"type\":\"Currency\",\"value\":600,\"claimed\":true},\"reward\":{\"id\":\"EventCoins\",\"type\":\"Currency\",\"value\":600,\"claimed\":true},\"timeslot\":\"season_S97\"}]},{\"State\":10,\"RequiredScore\":240000,\"OriginalRequiredScore\":240000,\"Rewards\":[{\"reward\":{\"id\":\"HeadStarts\",\"type\":\"Currency\",\"value\":1,\"claimed\":true}},{\"fallbackReward\":{\"id\":\"Coins\",\"type\":\"Currency\",\"value\":2500,\"claimed\":true},\"reward\":{\"type\":\"SeasonHuntToken\",\"value\":5,\"claimed\":true},\"timeslot\":\"season_S97\"},{\"fallbackReward\":{\"id\":\"Coins\",\"type\":\"Currency\",\"value\":800,\"claimed\":true},\"reward\":{\"id\":\"EventCoins\",\"type\":\"Currency\",\"value\":800,\"claimed\":true},\"timeslot\":\"season_S97\"}]},{\"State\":10,\"RequiredScore\":240000,\"OriginalRequiredScore\":240000,\"Rewards\":[{\"reward\":{\"id\":\"HurdleMultiplier\",\"type\":\"EventItem\",\"value\":2,\"claimed\":true}}]}],\"rewardUnlockOffset\":[],\"matchmakingId\":\"dailyChallenge\",\"requirements\":{\"access\":{\"data\":[{\"operator\":\"GreaterEqual\",\"type\":\"BaseMultiplier\",\"value\":\"8\"}],\"operator\":\"And\"},\"participation\":{\"data\":[{\"type\":\"SelectedCharacter\",\"operator\":\"Equal\",\"value\":\"yutani,cleo,mimi,pink\",\"meta\":{\"items\":[{\"alternativeSkipCost\":[{\"adPlacement\":\"SkipCharacterCooldown\",\"currencyType\":\"Ads\",\"value\":1}],\"cooldown\":7200,\"id\":\"yutani\",\"limitRuns\":1,\"skipCostKeys\":[16],\"tryable\":true},{\"alternativeSkipCost\":[{\"adPlacement\":\"SkipCharacterCooldown\",\"currencyType\":\"Ads\",\"value\":1}],\"cooldown\":1800,\"id\":\"cleo\",\"limitRuns\":1,\"skipCostKeys\":[16]},{\"alternativeSkipCost\":[{\"adPlacement\":\"SkipCharacterCooldown\",\"currencyType\":\"Ads\",\"value\":1}],\"cooldown\":1800,\"id\":\"mimi\",\"limitRuns\":1,\"skipCostKeys\":[16]},{\"alternativeSkipCost\":[{\"adPlacement\":\"SkipCharacterCooldown\",\"currencyType\":\"Ads\",\"value\":1}],\"cooldown\":1800,\"id\":\"pink\",\"limitRuns\":1,\"skipCostKeys\":[16]}]}}],\"operator\":\"And\"}},\"kind\":4,\"targetCity\":\"neworleans\",\"markAsSeen\":true,\"gameMode\":\"mystery_hurdles_default\"},\"s97_rio_st_tta\":{\"challengeId\":\"s97_rio_st_tta\",\"challengeType\":\"ui.challenge.season_challenge\",\"challengeServerId\":\"staged_tta\",\"currentSetEntryID\":\"s97_rio_st_tta\",\"currentSetEntryTimeSlot\":\"season_s97_rio_st_tta\",\"currentScore\":2147483647,\"highScore\":2147483647,\"startDate\":\"0001-01-01T00:00:00Z\",\"endDate\":\"2025-03-18T05:50:39Z\",\"rewardStates\":[{\"State\":10,\"RequiredScore\":10000,\"OriginalRequiredScore\":10000,\"Rewards\":[{\"reward\":{\"id\":\"Hoverboards\",\"type\":\"Currency\",\"value\":3,\"claimed\":true}},{\"fallbackReward\":{\"id\":\"Coins\",\"type\":\"Currency\",\"value\":200,\"claimed\":true},\"reward\":{\"id\":\"EventCoins\",\"type\":\"Currency\",\"value\":200,\"claimed\":true},\"timeslot\":\"season_S97\"}]},{\"State\":10,\"RequiredScore\":10000,\"OriginalRequiredScore\":10000,\"Rewards\":[{\"reward\":{\"id\":\"HeadStarts\",\"type\":\"Currency\",\"value\":1,\"claimed\":true}},{\"fallbackReward\":{\"id\":\"Coins\",\"type\":\"Currency\",\"value\":300,\"claimed\":true},\"reward\":{\"id\":\"EventCoins\",\"type\":\"Currency\",\"value\":300,\"claimed\":true},\"timeslot\":\"season_S97\"}]},{\"State\":10,\"RequiredScore\":30000,\"OriginalRequiredScore\":30000,\"Rewards\":[{\"reward\":{\"id\":\"ScoreBoosters\",\"type\":\"Currency\",\"value\":1,\"claimed\":true}},{\"fallbackReward\":{\"id\":\"Coins\",\"type\":\"Currency\",\"value\":400,\"claimed\":true},\"reward\":{\"id\":\"EventCoins\",\"type\":\"Currency\",\"value\":400,\"claimed\":true},\"timeslot\":\"season_S97\"}]},{\"State\":10,\"RequiredScore\":40000,\"OriginalRequiredScore\":40000,\"Rewards\":[{\"reward\":{\"id\":\"HeadStarts\",\"type\":\"Currency\",\"value\":1,\"claimed\":true}},{\"fallbackReward\":{\"id\":\"Coins\",\"type\":\"Currency\",\"value\":200,\"claimed\":true},\"reward\":{\"id\":\"EventCoins\",\"type\":\"Currency\",\"value\":200,\"claimed\":true},\"timeslot\":\"season_S97\"}]},{\"State\":10,\"RequiredScore\":60000,\"OriginalRequiredScore\":60000,\"Rewards\":[{\"reward\":{\"id\":\"Hoverboards\",\"type\":\"Currency\",\"value\":4,\"claimed\":true}},{\"fallbackReward\":{\"id\":\"Coins\",\"type\":\"Currency\",\"value\":200,\"claimed\":true},\"reward\":{\"id\":\"EventCoins\",\"type\":\"Currency\",\"value\":200,\"claimed\":true},\"timeslot\":\"season_S97\"}]},{\"State\":10,\"RequiredScore\":90000,\"OriginalRequiredScore\":90000,\"Rewards\":[{\"fallbackReward\":{\"id\":\"Coins\",\"type\":\"Currency\",\"value\":1000,\"claimed\":true},\"reward\":{\"id\":\"EventCoins\",\"type\":\"Currency\",\"value\":1000,\"claimed\":true},\"timeslot\":\"season_S97\"}]},{\"State\":10,\"RequiredScore\":110000,\"OriginalRequiredScore\":110000,\"Rewards\":[{\"reward\":{\"id\":\"HeadStarts\",\"type\":\"Currency\",\"value\":1,\"claimed\":true}},{\"fallbackReward\":{\"id\":\"Coins\",\"type\":\"Currency\",\"value\":400,\"claimed\":true},\"reward\":{\"id\":\"EventCoins\",\"type\":\"Currency\",\"value\":400,\"claimed\":true},\"timeslot\":\"season_S97\"}]},{\"State\":10,\"RequiredScore\":110000,\"OriginalRequiredScore\":110000,\"Rewards\":[{\"reward\":{\"id\":\"Hoverboards\",\"type\":\"Currency\",\"value\":2,\"claimed\":true}},{\"fallbackReward\":{\"id\":\"Coins\",\"type\":\"Currency\",\"value\":300,\"claimed\":true},\"reward\":{\"id\":\"EventCoins\",\"type\":\"Currency\",\"value\":300,\"claimed\":true},\"timeslot\":\"season_S97\"}]},{\"State\":10,\"RequiredScore\":140000,\"OriginalRequiredScore\":140000,\"Rewards\":[{\"reward\":{\"id\":\"ScoreBoosters\",\"type\":\"Currency\",\"value\":1,\"claimed\":true}},{\"fallbackReward\":{\"id\":\"Coins\",\"type\":\"Currency\",\"value\":600,\"claimed\":true},\"reward\":{\"id\":\"EventCoins\",\"type\":\"Currency\",\"value\":600,\"claimed\":true},\"timeslot\":\"season_S97\"}]},{\"State\":10,\"RequiredScore\":170000,\"OriginalRequiredScore\":170000,\"Rewards\":[{\"reward\":{\"id\":\"HeadStarts\",\"type\":\"Currency\",\"value\":1,\"claimed\":true}},{\"fallbackReward\":{\"id\":\"Coins\",\"type\":\"Currency\",\"value\":200,\"claimed\":true},\"reward\":{\"id\":\"EventCoins\",\"type\":\"Currency\",\"value\":200,\"claimed\":true},\"timeslot\":\"season_S97\"}]},{\"State\":10,\"RequiredScore\":200000,\"OriginalRequiredScore\":200000,\"Rewards\":[{\"reward\":{\"id\":\"Hoverboards\",\"type\":\"Currency\",\"value\":4,\"claimed\":true}},{\"fallbackReward\":{\"id\":\"Coins\",\"type\":\"Currency\",\"value\":700,\"claimed\":true},\"reward\":{\"id\":\"EventCoins\",\"type\":\"Currency\",\"value\":700,\"claimed\":true},\"timeslot\":\"season_S97\"}]},{\"State\":10,\"RequiredScore\":240000,\"OriginalRequiredScore\":240000,\"Rewards\":[{\"reward\":{\"id\":\"Hoverboards\",\"type\":\"Currency\",\"value\":5,\"claimed\":true}},{\"fallbackReward\":{\"id\":\"Coins\",\"type\":\"Currency\",\"value\":1200,\"claimed\":true},\"reward\":{\"id\":\"EventCoins\",\"type\":\"Currency\",\"value\":1200,\"claimed\":true},\"timeslot\":\"season_S97\"}]},{\"State\":10,\"RequiredScore\":270000,\"OriginalRequiredScore\":270000,\"Rewards\":[{\"reward\":{\"id\":\"ScoreBoosters\",\"type\":\"Currency\",\"value\":1,\"claimed\":true}},{\"fallbackReward\":{\"id\":\"Coins\",\"type\":\"Currency\",\"value\":300,\"claimed\":true},\"reward\":{\"id\":\"EventCoins\",\"type\":\"Currency\",\"value\":300,\"claimed\":true},\"timeslot\":\"season_S97\"}]},{\"State\":10,\"RequiredScore\":270000,\"OriginalRequiredScore\":270000,\"Rewards\":[{\"reward\":{\"id\":\"HeadStarts\",\"type\":\"Currency\",\"value\":2,\"claimed\":true}},{\"fallbackReward\":{\"id\":\"Coins\",\"type\":\"Currency\",\"value\":500,\"claimed\":true},\"reward\":{\"id\":\"EventCoins\",\"type\":\"Currency\",\"value\":500,\"claimed\":true},\"timeslot\":\"season_S97\"}]},{\"State\":10,\"RequiredScore\":300000,\"OriginalRequiredScore\":300000,\"Rewards\":[{\"reward\":{\"id\":\"Hoverboards\",\"type\":\"Currency\",\"value\":3,\"claimed\":true}},{\"fallbackReward\":{\"id\":\"Coins\",\"type\":\"Currency\",\"value\":500,\"claimed\":true},\"reward\":{\"id\":\"EventCoins\",\"type\":\"Currency\",\"value\":500,\"claimed\":true},\"timeslot\":\"season_S97\"}]},{\"State\":10,\"RequiredScore\":320000,\"OriginalRequiredScore\":320000,\"Rewards\":[{\"reward\":{\"id\":\"HeadStarts\",\"type\":\"Currency\",\"value\":1,\"claimed\":true}},{\"fallbackReward\":{\"id\":\"Coins\",\"type\":\"Currency\",\"value\":200,\"claimed\":true},\"reward\":{\"id\":\"EventCoins\",\"type\":\"Currency\",\"value\":200,\"claimed\":true},\"timeslot\":\"season_S97\"}]},{\"State\":10,\"RequiredScore\":350000,\"OriginalRequiredScore\":350000,\"Rewards\":[{\"reward\":{\"id\":\"ScoreBoosters\",\"type\":\"Currency\",\"value\":1,\"claimed\":true}},{\"fallbackReward\":{\"id\":\"Coins\",\"type\":\"Currency\",\"value\":200,\"claimed\":true},\"reward\":{\"id\":\"EventCoins\",\"type\":\"Currency\",\"value\":200,\"claimed\":true},\"timeslot\":\"season_S97\"}]},{\"State\":10,\"RequiredScore\":380000,\"OriginalRequiredScore\":380000,\"Rewards\":[{\"reward\":{\"id\":\"Hoverboards\",\"type\":\"Currency\",\"value\":3,\"claimed\":true}},{\"reward\":{\"id\":\"HeadStarts\",\"type\":\"Currency\",\"value\":1,\"claimed\":true}},{\"fallbackReward\":{\"id\":\"Coins\",\"type\":\"Currency\",\"value\":1000,\"claimed\":true},\"reward\":{\"id\":\"EventCoins\",\"type\":\"Currency\",\"value\":1000,\"claimed\":true},\"timeslot\":\"season_S97\"}]},{\"State\":10,\"RequiredScore\":400000,\"OriginalRequiredScore\":400000,\"Rewards\":[{\"reward\":{\"id\":\"ScoreBoosters\",\"type\":\"Currency\",\"value\":1,\"claimed\":true}},{\"fallbackReward\":{\"id\":\"Coins\",\"type\":\"Currency\",\"value\":300,\"claimed\":true},\"reward\":{\"id\":\"EventCoins\",\"type\":\"Currency\",\"value\":300,\"claimed\":true},\"timeslot\":\"season_S97\"}]},{\"State\":10,\"RequiredScore\":400000,\"OriginalRequiredScore\":400000,\"Rewards\":[{\"reward\":{\"id\":\"HeadStarts\",\"type\":\"Currency\",\"value\":2,\"claimed\":true}},{\"fallbackReward\":{\"id\":\"Coins\",\"type\":\"Currency\",\"value\":500,\"claimed\":true},\"reward\":{\"id\":\"EventCoins\",\"type\":\"Currency\",\"value\":500,\"claimed\":true},\"timeslot\":\"season_S97\"}]},{\"State\":10,\"RequiredScore\":420000,\"OriginalRequiredScore\":420000,\"Rewards\":[{\"reward\":{\"id\":\"Hoverboards\",\"type\":\"Currency\",\"value\":4,\"claimed\":true}},{\"fallbackReward\":{\"id\":\"Coins\",\"type\":\"Currency\",\"value\":800,\"claimed\":true},\"reward\":{\"id\":\"EventCoins\",\"type\":\"Currency\",\"value\":800,\"claimed\":true},\"timeslot\":\"season_S97\"}]},{\"State\":10,\"RequiredScore\":460000,\"OriginalRequiredScore\":460000,\"Rewards\":[{\"reward\":{\"id\":\"HeadStarts\",\"type\":\"Currency\",\"value\":1,\"claimed\":true}},{\"fallbackReward\":{\"id\":\"Coins\",\"type\":\"Currency\",\"value\":200,\"claimed\":true},\"reward\":{\"id\":\"EventCoins\",\"type\":\"Currency\",\"value\":200,\"claimed\":true},\"timeslot\":\"season_S97\"}]},{\"State\":10,\"RequiredScore\":500000,\"OriginalRequiredScore\":500000,\"Rewards\":[{\"reward\":{\"id\":\"Hoverboards\",\"type\":\"Currency\",\"value\":5,\"claimed\":true}},{\"fallbackReward\":{\"id\":\"Coins\",\"type\":\"Currency\",\"value\":500,\"claimed\":true},\"reward\":{\"id\":\"EventCoins\",\"type\":\"Currency\",\"value\":500,\"claimed\":true},\"timeslot\":\"season_S97\"}]},{\"State\":10,\"RequiredScore\":670000,\"OriginalRequiredScore\":670000,\"Rewards\":[{\"reward\":{\"id\":\"ScoreBoosters\",\"type\":\"Currency\",\"value\":2,\"claimed\":true}},{\"fallbackReward\":{\"id\":\"Coins\",\"type\":\"Currency\",\"value\":2000,\"claimed\":true},\"reward\":{\"id\":\"EventCoins\",\"type\":\"Currency\",\"value\":2000,\"claimed\":true},\"timeslot\":\"season_S97\"}]},{\"State\":10,\"RequiredScore\":770000,\"OriginalRequiredScore\":770000,\"Rewards\":[{\"reward\":{\"id\":\"ScoreBoosters\",\"type\":\"Currency\",\"value\":1,\"claimed\":true}},{\"fallbackReward\":{\"id\":\"Coins\",\"type\":\"Currency\",\"value\":600,\"claimed\":true},\"reward\":{\"id\":\"EventCoins\",\"type\":\"Currency\",\"value\":600,\"claimed\":true},\"timeslot\":\"season_S97\"}]},{\"State\":10,\"RequiredScore\":910000,\"OriginalRequiredScore\":910000,\"Rewards\":[{\"reward\":{\"id\":\"Hoverboards\",\"type\":\"Currency\",\"value\":3,\"claimed\":true}},{\"fallbackReward\":{\"id\":\"Coins\",\"type\":\"Currency\",\"value\":1000,\"claimed\":true},\"reward\":{\"id\":\"EventCoins\",\"type\":\"Currency\",\"value\":1000,\"claimed\":true},\"timeslot\":\"season_S97\"}]},{\"State\":10,\"RequiredScore\":1060000,\"OriginalRequiredScore\":1060000,\"Rewards\":[{\"reward\":{\"id\":\"HeadStarts\",\"type\":\"Currency\",\"value\":1,\"claimed\":true}},{\"fallbackReward\":{\"id\":\"Coins\",\"type\":\"Currency\",\"value\":1000,\"claimed\":true},\"reward\":{\"id\":\"EventCoins\",\"type\":\"Currency\",\"value\":1000,\"claimed\":true},\"timeslot\":\"season_S97\"}]},{\"State\":10,\"RequiredScore\":1340000,\"OriginalRequiredScore\":1340000,\"Rewards\":[{\"fallbackReward\":{\"id\":\"Coins\",\"type\":\"Currency\",\"value\":1000,\"claimed\":true},\"reward\":{\"id\":\"EventCoins\",\"type\":\"Currency\",\"value\":1000,\"claimed\":true},\"timeslot\":\"season_S97\"}]},{\"State\":10,\"RequiredScore\":1670000,\"OriginalRequiredScore\":1670000,\"Rewards\":[{\"reward\":{\"id\":\"gabriel\",\"type\":\"Character\",\"value\":1,\"claimed\":true}}]}],\"rewardUnlockOffset\":[24,96,168,264],\"matchmakingId\":\"dailyChallenge\",\"requirements\":{\"access\":{\"data\":[{\"operator\":\"GreaterEqual\",\"type\":\"BaseMultiplier\",\"value\":\"6\"}],\"operator\":\"And\"},\"participation\":{\"data\":[{\"type\":\"SelectedCharacter\",\"operator\":\"Equal\",\"value\":\"gabriel,rebecaroar\",\"meta\":{\"items\":[{\"alternativeSkipCost\":[{\"adPlacement\":\"SkipCharacterCooldown\",\"currencyType\":\"Ads\",\"value\":1}],\"cooldown\":7200,\"id\":\"gabriel\",\"limitRuns\":1,\"skipCostKeys\":[16],\"tryable\":true},{\"alternativeSkipCost\":[{\"adPlacement\":\"SkipCharacterCooldown\",\"currencyType\":\"Ads\",\"value\":1}],\"cooldown\":7200,\"id\":\"rebecaroar\",\"limitRuns\":1,\"skipCostKeys\":[16]}]}}],\"operator\":\"And\"}},\"kind\":4,\"targetCity\":\"riocarnival\",\"markAsSeen\":true,\"gameMode\":\"timeLimited02\"},\"s97_fantasyfest_tta\":{\"challengeId\":\"s97_fantasyfest_tta\",\"challengeType\":\"ui.tlr.title_tag_attack\",\"challengeServerId\":\"tta\",\"currentSetEntryID\":\"s97_fantasyfest_tta\",\"currentSetEntryTimeSlot\":\"season_s97_fantasyfest_tta\",\"currentScore\":2147483647,\"highScore\":2147483647,\"startDate\":\"0001-01-01T00:00:00Z\",\"endDate\":\"2025-03-18T05:50:39Z\",\"rewardStates\":[{\"State\":10,\"RequiredScore\":10000,\"OriginalRequiredScore\":10000,\"Rewards\":[{\"reward\":{\"id\":\"Hoverboards\",\"type\":\"Currency\",\"value\":2,\"claimed\":true}},{\"fallbackReward\":{\"id\":\"Coins\",\"type\":\"Currency\",\"value\":50,\"claimed\":true},\"reward\":{\"id\":\"EventCoins\",\"type\":\"Currency\",\"value\":50,\"claimed\":true},\"timeslot\":\"season_S97\"}]},{\"State\":10,\"RequiredScore\":10000,\"OriginalRequiredScore\":10000,\"Rewards\":[{\"reward\":{\"id\":\"ScoreBoosters\",\"type\":\"Currency\",\"value\":1,\"claimed\":true}},{\"fallbackReward\":{\"id\":\"Coins\",\"type\":\"Currency\",\"value\":300,\"claimed\":true},\"reward\":{\"id\":\"EventCoins\",\"type\":\"Currency\",\"value\":300,\"claimed\":true},\"timeslot\":\"season_S97\"}]},{\"State\":10,\"RequiredScore\":25000,\"OriginalRequiredScore\":25000,\"Rewards\":[{\"reward\":{\"id\":\"HeadStarts\",\"type\":\"Currency\",\"value\":1,\"claimed\":true}},{\"fallbackReward\":{\"id\":\"Coins\",\"type\":\"Currency\",\"value\":150,\"claimed\":true},\"reward\":{\"id\":\"EventCoins\",\"type\":\"Currency\",\"value\":150,\"claimed\":true},\"timeslot\":\"season_S97\"}]},{\"State\":10,\"RequiredScore\":40000,\"OriginalRequiredScore\":40000,\"Rewards\":[{\"reward\":{\"id\":\"Coins\",\"type\":\"Currency\",\"value\":1000,\"claimed\":true}},{\"fallbackReward\":{\"id\":\"Coins\",\"type\":\"Currency\",\"value\":250,\"claimed\":true},\"reward\":{\"id\":\"EventCoins\",\"type\":\"Currency\",\"value\":250,\"claimed\":true},\"timeslot\":\"season_S97\"}]},{\"State\":10,\"RequiredScore\":40000,\"OriginalRequiredScore\":40000,\"Rewards\":[{\"fallbackReward\":{\"id\":\"Coins\",\"type\":\"Currency\",\"value\":1000,\"claimed\":true},\"reward\":{\"type\":\"SeasonHuntToken\",\"value\":2,\"claimed\":true},\"timeslot\":\"season_S97\"},{\"fallbackReward\":{\"id\":\"Coins\",\"type\":\"Currency\",\"value\":400,\"claimed\":true},\"reward\":{\"id\":\"EventCoins\",\"type\":\"Currency\",\"value\":400,\"claimed\":true},\"timeslot\":\"season_S97\"}]},{\"State\":10,\"RequiredScore\":65000,\"OriginalRequiredScore\":65000,\"Rewards\":[{\"reward\":{\"id\":\"Hoverboards\",\"type\":\"Currency\",\"value\":2,\"claimed\":true}},{\"fallbackReward\":{\"id\":\"Coins\",\"type\":\"Currency\",\"value\":350,\"claimed\":true},\"reward\":{\"id\":\"EventCoins\",\"type\":\"Currency\",\"value\":350,\"claimed\":true},\"timeslot\":\"season_S97\"}]},{\"State\":10,\"RequiredScore\":95000,\"OriginalRequiredScore\":95000,\"Rewards\":[{\"reward\":{\"id\":\"ScoreBoosters\",\"type\":\"Currency\",\"value\":1,\"claimed\":true}},{\"fallbackReward\":{\"id\":\"Coins\",\"type\":\"Currency\",\"value\":500,\"claimed\":true},\"reward\":{\"type\":\"SeasonHuntToken\",\"value\":1,\"claimed\":true},\"timeslot\":\"season_S97\"},{\"fallbackReward\":{\"id\":\"Coins\",\"type\":\"Currency\",\"value\":450,\"claimed\":true},\"reward\":{\"id\":\"EventCoins\",\"type\":\"Currency\",\"value\":450,\"claimed\":true},\"timeslot\":\"season_S97\"}]},{\"State\":10,\"RequiredScore\":135000,\"OriginalRequiredScore\":135000,\"Rewards\":[{\"reward\":{\"id\":\"Hoverboards\",\"type\":\"Currency\",\"value\":2,\"claimed\":true}},{\"fallbackReward\":{\"id\":\"Coins\",\"type\":\"Currency\",\"value\":600,\"claimed\":true},\"reward\":{\"id\":\"EventCoins\",\"type\":\"Currency\",\"value\":600,\"claimed\":true},\"timeslot\":\"season_S97\"}]},{\"State\":10,\"RequiredScore\":200000,\"OriginalRequiredScore\":200000,\"Rewards\":[{\"reward\":{\"id\":\"ScoreBoosters\",\"type\":\"Currency\",\"value\":1,\"claimed\":true}},{\"fallbackReward\":{\"id\":\"Coins\",\"type\":\"Currency\",\"value\":500,\"claimed\":true},\"reward\":{\"type\":\"SeasonHuntToken\",\"value\":1,\"claimed\":true},\"timeslot\":\"season_S97\"},{\"fallbackReward\":{\"id\":\"Coins\",\"type\":\"Currency\",\"value\":700,\"claimed\":true},\"reward\":{\"id\":\"EventCoins\",\"type\":\"Currency\",\"value\":700,\"claimed\":true},\"timeslot\":\"season_S97\"}]},{\"State\":10,\"RequiredScore\":280000,\"OriginalRequiredScore\":280000,\"Rewards\":[{\"reward\":{\"id\":\"HeadStarts\",\"type\":\"Currency\",\"value\":1,\"claimed\":true}},{\"fallbackReward\":{\"id\":\"Coins\",\"type\":\"Currency\",\"value\":2000,\"claimed\":true},\"reward\":{\"type\":\"SeasonHuntToken\",\"value\":4,\"claimed\":true},\"timeslot\":\"season_S97\"},{\"fallbackReward\":{\"id\":\"Coins\",\"type\":\"Currency\",\"value\":1150,\"claimed\":true},\"reward\":{\"id\":\"EventCoins\",\"type\":\"Currency\",\"value\":1150,\"claimed\":true},\"timeslot\":\"season_S97\"}]}],\"rewardUnlockOffset\":[],\"matchmakingId\":\"dailyChallenge\",\"requirements\":{\"access\":{\"data\":[{\"operator\":\"GreaterEqual\",\"type\":\"BaseMultiplier\",\"value\":\"6\"}],\"operator\":\"And\"},\"participation\":{\"data\":[{\"type\":\"SelectedCharacter\",\"operator\":\"Equal\",\"value\":\"ella,ninja,tony,rebecaroar\",\"meta\":{\"items\":[{\"alternativeSkipCost\":[{\"adPlacement\":\"SkipCharacterCooldown\",\"currencyType\":\"Ads\",\"value\":1}],\"cooldown\":7200,\"id\":\"ella\",\"limitRuns\":1,\"skipCostKeys\":[16]},{\"alternativeSkipCost\":[{\"adPlacement\":\"SkipCharacterCooldown\",\"currencyType\":\"Ads\",\"value\":1}],\"cooldown\":7200,\"id\":\"ninja\",\"limitRuns\":1,\"skipCostKeys\":[16]},{\"alternativeSkipCost\":[{\"adPlacement\":\"SkipCharacterCooldown\",\"currencyType\":\"Ads\",\"value\":1}],\"cooldown\":5400,\"id\":\"tony\",\"limitRuns\":1,\"skipCostKeys\":[16]},{\"alternativeSkipCost\":[{\"adPlacement\":\"SkipCharacterCooldown\",\"currencyType\":\"Ads\",\"value\":1}],\"cooldown\":3600,\"id\":\"rebecaroar\",\"limitRuns\":1,\"skipCostKeys\":[16]}]}}],\"operator\":\"And\"}},\"kind\":4,\"targetCity\":\"fantasyfest\",\"markAsSeen\":true,\"gameMode\":\"timeLimited02\"},\"s97_plantinvasion_teamtakeover\":{\"challengeId\":\"s97_plantinvasion_teamtakeover\",\"challengeType\":\"ui.liveEvents.community_event_battle_mode_title\",\"challengeServerId\":\"staged_plant_invasion\",\"currentSetEntryID\":\"s97_plantinvasion_teamtakeover\",\"currentSetEntryTimeSlot\":\"season_s97_plantinvasion_teamtakeover\",\"currentScore\":2147483647,\"highScore\":2147483647,\"startDate\":\"0001-01-01T00:00:00Z\",\"endDate\":\"2025-03-18T05:50:39Z\",\"rewardStates\":[{\"State\":10,\"RequiredScore\":10000,\"OriginalRequiredScore\":10000,\"Rewards\":[{\"reward\":{\"id\":\"Hoverboards\",\"type\":\"Currency\",\"value\":2,\"claimed\":true}},{\"fallbackReward\":{\"id\":\"Coins\",\"type\":\"Currency\",\"value\":200,\"claimed\":true},\"reward\":{\"id\":\"EventCoins\",\"type\":\"Currency\",\"value\":200,\"claimed\":true},\"timeslot\":\"season_S97\"}]},{\"State\":10,\"RequiredScore\":10000,\"OriginalRequiredScore\":10000,\"Rewards\":[{\"reward\":{\"id\":\"HeadStarts\",\"type\":\"Currency\",\"value\":1,\"claimed\":true}},{\"fallbackReward\":{\"id\":\"Coins\",\"type\":\"Currency\",\"value\":400,\"claimed\":true},\"reward\":{\"id\":\"EventCoins\",\"type\":\"Currency\",\"value\":400,\"claimed\":true},\"timeslot\":\"season_S97\"},{\"fallbackReward\":{\"id\":\"Coins\",\"type\":\"Currency\",\"value\":1000,\"claimed\":true},\"reward\":{\"type\":\"SeasonHuntToken\",\"value\":2,\"claimed\":true},\"timeslot\":\"season_S97\"}]},{\"State\":10,\"RequiredScore\":25000,\"OriginalRequiredScore\":25000,\"Rewards\":[{\"reward\":{\"id\":\"ScoreBoosters\",\"type\":\"Currency\",\"value\":1,\"claimed\":true}},{\"fallbackReward\":{\"id\":\"Coins\",\"type\":\"Currency\",\"value\":200,\"claimed\":true},\"reward\":{\"id\":\"EventCoins\",\"type\":\"Currency\",\"value\":200,\"claimed\":true},\"timeslot\":\"season_S97\"},{\"fallbackReward\":{\"id\":\"Coins\",\"type\":\"Currency\",\"value\":1000,\"claimed\":true},\"reward\":{\"type\":\"SeasonHuntToken\",\"value\":2,\"claimed\":true},\"timeslot\":\"season_S97\"}]},{\"State\":10,\"RequiredScore\":30000,\"OriginalRequiredScore\":30000,\"Rewards\":[{\"reward\":{\"id\":\"HeadStarts\",\"type\":\"Currency\",\"value\":1,\"claimed\":true}},{\"fallbackReward\":{\"id\":\"Coins\",\"type\":\"Currency\",\"value\":200,\"claimed\":true},\"reward\":{\"id\":\"EventCoins\",\"type\":\"Currency\",\"value\":200,\"claimed\":true},\"timeslot\":\"season_S97\"}]},{\"State\":10,\"RequiredScore\":30000,\"OriginalRequiredScore\":30000,\"Rewards\":[{\"reward\":{\"id\":\"Hoverboards\",\"type\":\"Currency\",\"value\":2,\"claimed\":true}},{\"fallbackReward\":{\"id\":\"Coins\",\"type\":\"Currency\",\"value\":400,\"claimed\":true},\"reward\":{\"id\":\"EventCoins\",\"type\":\"Currency\",\"value\":400,\"claimed\":true},\"timeslot\":\"season_S97\"},{\"fallbackReward\":{\"id\":\"Coins\",\"type\":\"Currency\",\"value\":1500,\"claimed\":true},\"reward\":{\"type\":\"SeasonHuntToken\",\"value\":3,\"claimed\":true},\"timeslot\":\"season_S97\"}]},{\"State\":10,\"RequiredScore\":50000,\"OriginalRequiredScore\":50000,\"Rewards\":[{\"reward\":{\"id\":\"HeadStarts\",\"type\":\"Currency\",\"value\":1,\"claimed\":true}},{\"fallbackReward\":{\"id\":\"Coins\",\"type\":\"Currency\",\"value\":200,\"claimed\":true},\"reward\":{\"id\":\"EventCoins\",\"type\":\"Currency\",\"value\":200,\"claimed\":true},\"timeslot\":\"season_S97\"}]},{\"State\":10,\"RequiredScore\":110000,\"OriginalRequiredScore\":110000,\"Rewards\":[{\"reward\":{\"id\":\"Hoverboards\",\"type\":\"Currency\",\"value\":2,\"claimed\":true}},{\"fallbackReward\":{\"id\":\"Coins\",\"type\":\"Currency\",\"value\":300,\"claimed\":true},\"reward\":{\"id\":\"EventCoins\",\"type\":\"Currency\",\"value\":300,\"claimed\":true},\"timeslot\":\"season_S97\"},{\"fallbackReward\":{\"id\":\"Coins\",\"type\":\"Currency\",\"value\":1000,\"claimed\":true},\"reward\":{\"type\":\"SeasonHuntToken\",\"value\":2,\"claimed\":true},\"timeslot\":\"season_S97\"}]},{\"State\":10,\"RequiredScore\":160000,\"OriginalRequiredScore\":160000,\"Rewards\":[{\"reward\":{\"id\":\"ScoreBoosters\",\"type\":\"Currency\",\"value\":1,\"claimed\":true}},{\"fallbackReward\":{\"id\":\"Coins\",\"type\":\"Currency\",\"value\":500,\"claimed\":true},\"reward\":{\"id\":\"EventCoins\",\"type\":\"Currency\",\"value\":500,\"claimed\":true},\"timeslot\":\"season_S97\"},{\"fallbackReward\":{\"id\":\"Coins\",\"type\":\"Currency\",\"value\":1000,\"claimed\":true},\"reward\":{\"type\":\"SeasonHuntToken\",\"value\":2,\"claimed\":true},\"timeslot\":\"season_S97\"}]},{\"State\":10,\"RequiredScore\":240000,\"OriginalRequiredScore\":240000,\"Rewards\":[{\"reward\":{\"id\":\"Hoverboards\",\"type\":\"Currency\",\"value\":2,\"claimed\":true}},{\"fallbackReward\":{\"id\":\"Coins\",\"type\":\"Currency\",\"value\":300,\"claimed\":true},\"reward\":{\"id\":\"EventCoins\",\"type\":\"Currency\",\"value\":300,\"claimed\":true},\"timeslot\":\"season_S97\"}]},{\"State\":10,\"RequiredScore\":305000,\"OriginalRequiredScore\":305000,\"Rewards\":[{\"reward\":{\"id\":\"HeadStarts\",\"type\":\"Currency\",\"value\":1,\"claimed\":true}},{\"fallbackReward\":{\"id\":\"Coins\",\"type\":\"Currency\",\"value\":400,\"claimed\":true},\"reward\":{\"id\":\"EventCoins\",\"type\":\"Currency\",\"value\":400,\"claimed\":true},\"timeslot\":\"season_S97\"}]},{\"State\":10,\"RequiredScore\":370000,\"OriginalRequiredScore\":370000,\"Rewards\":[{\"reward\":{\"id\":\"ScoreBoosters\",\"type\":\"Currency\",\"value\":1,\"claimed\":true}},{\"fallbackReward\":{\"id\":\"Coins\",\"type\":\"Currency\",\"value\":500,\"claimed\":true},\"reward\":{\"id\":\"EventCoins\",\"type\":\"Currency\",\"value\":500,\"claimed\":true},\"timeslot\":\"season_S97\"}]},{\"State\":10,\"RequiredScore\":430000,\"OriginalRequiredScore\":430000,\"Rewards\":[{\"reward\":{\"id\":\"ScoreBoosters\",\"type\":\"Currency\",\"value\":1,\"claimed\":true}},{\"fallbackReward\":{\"id\":\"Coins\",\"type\":\"Currency\",\"value\":400,\"claimed\":true},\"reward\":{\"id\":\"EventCoins\",\"type\":\"Currency\",\"value\":400,\"claimed\":true},\"timeslot\":\"season_S97\"}]},{\"State\":10,\"RequiredScore\":520000,\"OriginalRequiredScore\":520000,\"Rewards\":[{\"reward\":{\"id\":\"Hoverboards\",\"type\":\"Currency\",\"value\":2,\"claimed\":true}},{\"fallbackReward\":{\"id\":\"Coins\",\"type\":\"Currency\",\"value\":500,\"claimed\":true},\"reward\":{\"id\":\"EventCoins\",\"type\":\"Currency\",\"value\":500,\"claimed\":true},\"timeslot\":\"season_S97\"},{\"fallbackReward\":{\"id\":\"Coins\",\"type\":\"Currency\",\"value\":1000,\"claimed\":true},\"reward\":{\"type\":\"SeasonHuntToken\",\"value\":2,\"claimed\":true},\"timeslot\":\"season_S97\"}]},{\"State\":10,\"RequiredScore\":640000,\"OriginalRequiredScore\":640000,\"Rewards\":[{\"reward\":{\"id\":\"HeadStarts\",\"type\":\"Currency\",\"value\":1,\"claimed\":true}},{\"fallbackReward\":{\"id\":\"Coins\",\"type\":\"Currency\",\"value\":500,\"claimed\":true},\"reward\":{\"id\":\"EventCoins\",\"type\":\"Currency\",\"value\":500,\"claimed\":true},\"timeslot\":\"season_S97\"}]},{\"State\":10,\"RequiredScore\":800000,\"OriginalRequiredScore\":800000,\"Rewards\":[{\"reward\":{\"id\":\"plant_frame\",\"type\":\"ProfileFrame\",\"value\":1,\"claimed\":true}}]}],\"rewardUnlockOffset\":[],\"matchmakingId\":\"dailyChallenge\",\"requirements\":{\"access\":{\"data\":[{\"operator\":\"GreaterEqual\",\"type\":\"BaseMultiplier\",\"value\":\"4\"}],\"operator\":\"And\"},\"participation\":{\"data\":[{\"type\":\"SelectedCharacter\",\"operator\":\"Equal\",\"value\":\"moira,jake\",\"meta\":{\"items\":[{\"alternativeSkipCost\":[{\"adPlacement\":\"SkipCharacterCooldown\",\"currencyType\":\"Ads\",\"value\":1}],\"cooldown\":7200,\"id\":\"moira\",\"limitRuns\":1,\"skipCostKeys\":[16],\"tryable\":true},{\"alternativeSkipCost\":[{\"adPlacement\":\"SkipCharacterCooldown\",\"currencyType\":\"Ads\",\"value\":1}],\"cooldown\":7200,\"id\":\"jake\",\"limitRuns\":1,\"skipCostKeys\":[16]}]}}],\"operator\":\"And\"}},\"kind\":4,\"targetCity\":\"subwaycityplantinvasion\",\"markAsSeen\":true,\"gameMode\":\"plant_invasion\"},\"s97_floorislava_teamtakeover\":{\"challengeId\":\"s97_floorislava_teamtakeover\",\"challengeType\":\"ui.liveEvents.community_event_battle_mode_title\",\"challengeServerId\":\"staged_floor_is_lava\",\"currentSetEntryID\":\"s97_floorislava_teamtakeover\",\"currentSetEntryTimeSlot\":\"season_s97_floorislava_teamtakeover\",\"currentScore\":2147483647,\"highScore\":2147483647,\"startDate\":\"0001-01-01T00:00:00Z\",\"endDate\":\"2025-03-18T05:50:39Z\",\"rewardStates\":[{\"State\":10,\"RequiredScore\":10000,\"OriginalRequiredScore\":10000,\"Rewards\":[{\"reward\":{\"id\":\"Hoverboards\",\"type\":\"Currency\",\"value\":2,\"claimed\":true}},{\"fallbackReward\":{\"id\":\"Coins\",\"type\":\"Currency\",\"value\":200,\"claimed\":true},\"reward\":{\"id\":\"EventCoins\",\"type\":\"Currency\",\"value\":200,\"claimed\":true},\"timeslot\":\"season_S97\"}]},{\"State\":10,\"RequiredScore\":10000,\"OriginalRequiredScore\":10000,\"Rewards\":[{\"reward\":{\"id\":\"HeadStarts\",\"type\":\"Currency\",\"value\":1,\"claimed\":true}},{\"fallbackReward\":{\"id\":\"Coins\",\"type\":\"Currency\",\"value\":400,\"claimed\":true},\"reward\":{\"id\":\"EventCoins\",\"type\":\"Currency\",\"value\":400,\"claimed\":true},\"timeslot\":\"season_S97\"},{\"fallbackReward\":{\"id\":\"Coins\",\"type\":\"Currency\",\"value\":1000,\"claimed\":true},\"reward\":{\"type\":\"SeasonHuntToken\",\"value\":2,\"claimed\":true},\"timeslot\":\"season_S97\"}]},{\"State\":10,\"RequiredScore\":25000,\"OriginalRequiredScore\":25000,\"Rewards\":[{\"reward\":{\"id\":\"ScoreBoosters\",\"type\":\"Currency\",\"value\":1,\"claimed\":true}},{\"fallbackReward\":{\"id\":\"Coins\",\"type\":\"Currency\",\"value\":200,\"claimed\":true},\"reward\":{\"id\":\"EventCoins\",\"type\":\"Currency\",\"value\":200,\"claimed\":true},\"timeslot\":\"season_S97\"},{\"fallbackReward\":{\"id\":\"Coins\",\"type\":\"Currency\",\"value\":1000,\"claimed\":true},\"reward\":{\"type\":\"SeasonHuntToken\",\"value\":2,\"claimed\":true},\"timeslot\":\"season_S97\"}]},{\"State\":10,\"RequiredScore\":30000,\"OriginalRequiredScore\":30000,\"Rewards\":[{\"reward\":{\"id\":\"HeadStarts\",\"type\":\"Currency\",\"value\":1,\"claimed\":true}},{\"fallbackReward\":{\"id\":\"Coins\",\"type\":\"Currency\",\"value\":200,\"claimed\":true},\"reward\":{\"id\":\"EventCoins\",\"type\":\"Currency\",\"value\":200,\"claimed\":true},\"timeslot\":\"season_S97\"}]},{\"State\":10,\"RequiredScore\":30000,\"OriginalRequiredScore\":30000,\"Rewards\":[{\"reward\":{\"id\":\"Hoverboards\",\"type\":\"Currency\",\"value\":2,\"claimed\":true}},{\"fallbackReward\":{\"id\":\"Coins\",\"type\":\"Currency\",\"value\":400,\"claimed\":true},\"reward\":{\"id\":\"EventCoins\",\"type\":\"Currency\",\"value\":400,\"claimed\":true},\"timeslot\":\"season_S97\"},{\"fallbackReward\":{\"id\":\"Coins\",\"type\":\"Currency\",\"value\":1500,\"claimed\":true},\"reward\":{\"type\":\"SeasonHuntToken\",\"value\":3,\"claimed\":true},\"timeslot\":\"season_S97\"}]},{\"State\":10,\"RequiredScore\":50000,\"OriginalRequiredScore\":50000,\"Rewards\":[{\"reward\":{\"id\":\"HeadStarts\",\"type\":\"Currency\",\"value\":1,\"claimed\":true}},{\"fallbackReward\":{\"id\":\"Coins\",\"type\":\"Currency\",\"value\":200,\"claimed\":true},\"reward\":{\"id\":\"EventCoins\",\"type\":\"Currency\",\"value\":200,\"claimed\":true},\"timeslot\":\"season_S97\"}]},{\"State\":10,\"RequiredScore\":110000,\"OriginalRequiredScore\":110000,\"Rewards\":[{\"reward\":{\"id\":\"Hoverboards\",\"type\":\"Currency\",\"value\":2,\"claimed\":true}},{\"fallbackReward\":{\"id\":\"Coins\",\"type\":\"Currency\",\"value\":300,\"claimed\":true},\"reward\":{\"id\":\"EventCoins\",\"type\":\"Currency\",\"value\":300,\"claimed\":true},\"timeslot\":\"season_S97\"},{\"fallbackReward\":{\"id\":\"Coins\",\"type\":\"Currency\",\"value\":1000,\"claimed\":true},\"reward\":{\"type\":\"SeasonHuntToken\",\"value\":2,\"claimed\":true},\"timeslot\":\"season_S97\"}]},{\"State\":10,\"RequiredScore\":160000,\"OriginalRequiredScore\":160000,\"Rewards\":[{\"reward\":{\"id\":\"ScoreBoosters\",\"type\":\"Currency\",\"value\":1,\"claimed\":true}},{\"fallbackReward\":{\"id\":\"Coins\",\"type\":\"Currency\",\"value\":500,\"claimed\":true},\"reward\":{\"id\":\"EventCoins\",\"type\":\"Currency\",\"value\":500,\"claimed\":true},\"timeslot\":\"season_S97\"},{\"fallbackReward\":{\"id\":\"Coins\",\"type\":\"Currency\",\"value\":1000,\"claimed\":true},\"reward\":{\"type\":\"SeasonHuntToken\",\"value\":2,\"claimed\":true},\"timeslot\":\"season_S97\"}]},{\"State\":10,\"RequiredScore\":240000,\"OriginalRequiredScore\":240000,\"Rewards\":[{\"reward\":{\"id\":\"Hoverboards\",\"type\":\"Currency\",\"value\":2,\"claimed\":true}},{\"fallbackReward\":{\"id\":\"Coins\",\"type\":\"Currency\",\"value\":300,\"claimed\":true},\"reward\":{\"id\":\"EventCoins\",\"type\":\"Currency\",\"value\":300,\"claimed\":true},\"timeslot\":\"season_S97\"}]},{\"State\":10,\"RequiredScore\":305000,\"OriginalRequiredScore\":305000,\"Rewards\":[{\"reward\":{\"id\":\"HeadStarts\",\"type\":\"Currency\",\"value\":1,\"claimed\":true}},{\"fallbackReward\":{\"id\":\"Coins\",\"type\":\"Currency\",\"value\":400,\"claimed\":true},\"reward\":{\"id\":\"EventCoins\",\"type\":\"Currency\",\"value\":400,\"claimed\":true},\"timeslot\":\"season_S97\"}]},{\"State\":10,\"RequiredScore\":370000,\"OriginalRequiredScore\":370000,\"Rewards\":[{\"reward\":{\"id\":\"ScoreBoosters\",\"type\":\"Currency\",\"value\":1,\"claimed\":true}},{\"fallbackReward\":{\"id\":\"Coins\",\"type\":\"Currency\",\"value\":500,\"claimed\":true},\"reward\":{\"id\":\"EventCoins\",\"type\":\"Currency\",\"value\":500,\"claimed\":true},\"timeslot\":\"season_S97\"}]},{\"State\":10,\"RequiredScore\":430000,\"OriginalRequiredScore\":430000,\"Rewards\":[{\"reward\":{\"id\":\"ScoreBoosters\",\"type\":\"Currency\",\"value\":1,\"claimed\":true}},{\"fallbackReward\":{\"id\":\"Coins\",\"type\":\"Currency\",\"value\":400,\"claimed\":true},\"reward\":{\"id\":\"EventCoins\",\"type\":\"Currency\",\"value\":400,\"claimed\":true},\"timeslot\":\"season_S97\"}]},{\"State\":10,\"RequiredScore\":520000,\"OriginalRequiredScore\":520000,\"Rewards\":[{\"reward\":{\"id\":\"Hoverboards\",\"type\":\"Currency\",\"value\":2,\"claimed\":true}},{\"fallbackReward\":{\"id\":\"Coins\",\"type\":\"Currency\",\"value\":500,\"claimed\":true},\"reward\":{\"id\":\"EventCoins\",\"type\":\"Currency\",\"value\":500,\"claimed\":true},\"timeslot\":\"season_S97\"},{\"fallbackReward\":{\"id\":\"Coins\",\"type\":\"Currency\",\"value\":1000,\"claimed\":true},\"reward\":{\"type\":\"SeasonHuntToken\",\"value\":2,\"claimed\":true},\"timeslot\":\"season_S97\"}]},{\"State\":10,\"RequiredScore\":640000,\"OriginalRequiredScore\":640000,\"Rewards\":[{\"reward\":{\"id\":\"HeadStarts\",\"type\":\"Currency\",\"value\":1,\"claimed\":true}},{\"fallbackReward\":{\"id\":\"Coins\",\"type\":\"Currency\",\"value\":500,\"claimed\":true},\"reward\":{\"id\":\"EventCoins\",\"type\":\"Currency\",\"value\":500,\"claimed\":true},\"timeslot\":\"season_S97\"}]},{\"State\":10,\"RequiredScore\":800000,\"OriginalRequiredScore\":800000,\"Rewards\":[{\"reward\":{\"id\":\"lava_frame\",\"type\":\"ProfileFrame\",\"value\":1,\"claimed\":true}}]}],\"rewardUnlockOffset\":[],\"matchmakingId\":\"dailyChallenge\",\"requirements\":{\"access\":{\"data\":[{\"operator\":\"GreaterEqual\",\"type\":\"BaseMultiplier\",\"value\":\"4\"}],\"operator\":\"And\"},\"participation\":{\"data\":[{\"type\":\"SelectedCharacter\",\"operator\":\"Equal\",\"value\":\"ginger,tricky\",\"meta\":{\"items\":[{\"alternativeSkipCost\":[{\"adPlacement\":\"SkipCharacterCooldown\",\"currencyType\":\"Ads\",\"value\":1}],\"cooldown\":7200,\"id\":\"ginger\",\"limitRuns\":1,\"skipCostKeys\":[16],\"tryable\":true},{\"alternativeSkipCost\":[{\"adPlacement\":\"SkipCharacterCooldown\",\"currencyType\":\"Ads\",\"value\":1}],\"cooldown\":7200,\"id\":\"tricky\",\"limitRuns\":1,\"skipCostKeys\":[16]}]}}],\"operator\":\"And\"}},\"kind\":4,\"targetCity\":\"subwaycityfloorislava\",\"markAsSeen\":true,\"gameMode\":\"floor_is_lava\"}}}"
}