{
  "version": 1,
  "data": "{\"lastSaved\":\"0001-01-01T00:00:00Z\",\"patchVersion\":1,\"currentMissionSet\":30,\"activeMissions\":[{\"missionGoal\":100,\"claimedProgress\":0,\"missionProgress\":0,\"missionCompleted\":false,\"Target\":15,\"Condition\":0,\"CompletionType\":1,\"ClaimPlacementType\":0,\"Index\":0},{\"missionGoal\":500,\"claimedProgress\":500,\"missionProgress\":500,\"missionCompleted\":true,\"Target\":8,\"Condition\":2,\"CompletionType\":2,\"ClaimPlacementType\":0,\"Index\":1},{\"missionGoal\":1,\"claimedProgress\":1,\"missionProgress\":1,\"missionCompleted\":true,\"Target\":10,\"Condition\":0,\"CompletionType\":2,\"ClaimPlacementType\":0,\"Index\":2}],\"missionSetLastAdsCheckUpdateTime\":\"0001-01-01T00:00:00Z\",\"currentSkipWithAdsMission\":0,\"hasVisitedMissionsScreen\":true,\"scoreMultiplierLastVisit\":1}"
}