{
  "version": 1,
  "data": "{\"lastSaved\":\"0001-01-01T00:00:00Z\",\"updateAppViewLastSeen\":\"0001-01-01T00:00:00Z\",\"ftuePopupsSeen\":[],\"lastSeenDailyEvent\":\"\",\"newSeasonPopupShownForID\":null,\"localMailsSeen\":{\"s97_rio_carnival_next_season\":true,\"s97_rio_carnival_one_run\":true,\"s97_rio_carnival_season_challenge\":true,\"s97_rio_carnival_season_challenge_2\":true,\"s97_rio_carnival_seasonhunt\":true,\"s97_rio_carnival_trickortreat\":true,\"s97_rio_carnival_updateGame_amazon\":true,\"s97_rio_carnival_updateGame_android\":true,\"s97_rio_carnival_updateGame_ios\":true,\"s97_rio_carnival_welcome\":true,\"s97_get_ready_teamtakeover\":true,\"s97_teamtakeover_start\":true},\"lastSeenTooltipIds\":{},\"popupSeenInfo\":{},\"lastSeenPopupTime\":\"0001-01-01T00:00:00Z\",\"promotionsSeenInfo\":{},\"challengesSeenData\":{},\"revealedChallenges\":{}}"
}