{
  "version": 1,
  "data": "{\"lastSaved\":\"0001-01-01T00:00:00Z\",\"updateAppViewLastSeen\":\"0001-01-01T00:00:00Z\",\"ftuePopupsSeen\":[],\"lastSeenDailyEvent\":\"\",\"newSeasonPopupShownForID\":null,\"localMailsSeen\":{\"s94_vienna_welcome\":true,\"s94_vienna_challenges\":true,\"s94_vienna_event_coins\":true,\"s94_vienna_floorislava\":true,\"s94_vienna_livestream\":true,\"s94_vienna_holiday_hunt\":true,\"s94_vienna_newyear_challenge\":true,\"s94_vienna_next_season\":true,\"s94_vienna_one_run\":true,\"s94_vienna_plantinvasion\":true,\"s94_vienna_seasonhunt\":true,\"s94_vienna_wrapped_challenge_01\":true,\"s94_vienna_wrapped_challenge_02\":true,\"s94_vienna_xmas\":true,\"s94_vienna_planetplay\":true,\"s94_vienna_planetplay_bundle\":true,\"s94_vienna_planetplay_bundle_2\":true,\"s94_vienna_updateGame_amazon\":true,\"s94_vienna_updateGame_android\":true,\"s94_vienna_updateGame_ios\":true},\"lastSeenTooltipIds\":{},\"popupSeenInfo\":{},\"lastSeenPopupTime\":\"0001-01-01T00:00:00Z\",\"promotionsSeenInfo\":{},\"challengesSeenData\":{},\"revealedChallenges\":{}}"
}