{
  "version": 2,
  "data": "{\"lastSaved\":\"0001-01-01T00:00:00Z\",\"lastIAPDate\":\"0001-01-01T00:00:00Z\",\"highScoreCollection\":{\"default\":2147383647},\"userStatCollection\":{\"102\":2147483647,\"103\":2147483647,\"104\":2147483647,\"105\":2147483647,\"106\":2147483647},\"worldDestinationVisited\":{\"amsterdam\":1,\"arabia\":1,\"bali\":1,\"bangkok\":1,\"barcelona\":1,\"beijing\":1,\"berlin\":1,\"buenosaires\":1,\"cairo\":1,\"cambridgehalloween\":1,\"changan\":1,\"chicago\":1,\"copenhagen\":1,\"copenhagensuperrunner\":1,\"copenhagenviking\":1,\"edinburgh\":1,\"fantasyfest\":1,\"greece\":1,\"greecevalentines\":1,\"hauntedhood\":1,\"hawaii\":1,\"hongkong\":1,\"houston\":1,\"iceland\":1,\"ireland\":1,\"journeytotheeast\":1,\"lasvegas\":1,\"littlerock\":1,\"london\":1,\"lunarnewyear\":1,\"luoyang\":1,\"marrakesh\":1,\"mexicocity\":1,\"miami\":1,\"miaminfl\":1,\"monaco\":1,\"moscow\":1,\"mumbai\":1,\"newyork\":1,\"newyorkplay2plant\":1,\"oxford\":1,\"oxfordeaster\":1,\"paris\":1,\"peru\":1,\"rio\":1,\"sanfrancisco\":1,\"seattle\":1,\"seoul\":1,\"shenzhen\":1,\"shenzhenshowdown\":1,\"spacestation\":1,\"stpetersburg\":1,\"subwaycity\":1,\"subwaycityfloorislava\":1,\"subwaycityplantinvasion\":1,\"subwaycityxmas\":1,\"subwayclassic\":1,\"subwayclassic_8bit\":1,\"sydney\":1,\"thenorthpole\":1,\"tokyo\":1,\"underwaterworld\":1,\"vancouverautumn\":1,\"vancouverspring\":1,\"venicebeach\":1,\"zurich\":1,\"hollywood\":1,\"sanfrancisco_challenge\":1,\"parissummergames\":1,\"neworleans\":1,\"australia\":1,\"istanbul\":1,\"hauntedhood_trick_or_treat\":1,\"vienna\":1,\"luoyanglny\":1,\"alohahawaii\":1,\"riocarnival\":1}}"
}