{
  "version": 2,
  "data": "{\"lastSaved\":\"0001-01-01T00:00:00Z\",\"patchVersion\":0,\"currencies\":{\"1\":{\"value\":2100000000},\"2\":{\"value\":2100000000},\"3\":{\"value\":2100000000},\"4\":{\"value\":2100000000},\"5\":{\"value\":2100000000},\"6\":{\"value\":2100000000}},\"lootboxQueue\":{\"unopenedLootboxes\":{\"0\":[],\"2\":[]}},\"currencyAllowedInRun\":{\"5\":true,\"4\":true},\"lootBoxesOpened\":{\"mini_mystery_box\":0,\"mystery_box\":0,\"token_box\":0,\"super_mystery_box\":0},\"ownedOnlyBuyOnceProducts\":[\"coin_doubler\",\"multiplier_pack\"]}"
}