{
  "version": 1,
  "data": "{\"lastSaved\":\"0001-01-01T00:00:00Z\",\"patchVersion\":1,\"challengeStates\":{\"s96_onerun_hollywood_mrt\":{\"challengeId\":\"s96_onerun_hollywood_mrt\",\"challengeType\":\"ui.challenge.one_run\",\"challengeServerId\":\"marathon\",\"currentSetEntryID\":\"s96_onerun_hollywood_mrt\",\"currentSetEntryTimeSlot\":\"season_s96_onerun_hollywood_mrt\",\"currentScore\":2147483647,\"highScore\":2147483647,\"startDate\":\"0001-01-01T00:00:00Z\",\"endDate\":\"2025-02-24T22:38:51Z\",\"rewardStates\":[{\"State\":10,\"RequiredScore\":25000,\"OriginalRequiredScore\":25000,\"Rewards\":[{\"reward\":{\"id\":\"HeadStarts\",\"type\":\"Currency\",\"value\":1,\"claimed\":true}},{\"fallbackReward\":{\"id\":\"Coins\",\"type\":\"Currency\",\"value\":500,\"claimed\":true},\"reward\":{\"id\":\"EventCoins\",\"type\":\"Currency\",\"value\":500,\"claimed\":true},\"timeslot\":\"season_S96\"}]},{\"State\":10,\"RequiredScore\":25000,\"OriginalRequiredScore\":25000,\"Rewards\":[{\"reward\":{\"id\":\"ScoreBoosters\",\"type\":\"Currency\",\"value\":1,\"claimed\":true}},{\"fallbackReward\":{\"id\":\"Coins\",\"type\":\"Currency\",\"value\":1000,\"claimed\":true},\"reward\":{\"id\":\"EventCoins\",\"type\":\"Currency\",\"value\":1000,\"claimed\":true},\"timeslot\":\"season_S96\"}]},{\"State\":10,\"RequiredScore\":95000,\"OriginalRequiredScore\":95000,\"Rewards\":[{\"fallbackReward\":{\"id\":\"Coins\",\"type\":\"Currency\",\"value\":1000,\"claimed\":true},\"reward\":{\"type\":\"SeasonHuntToken\",\"value\":2,\"claimed\":true},\"timeslot\":\"season_S96\"},{\"fallbackReward\":{\"id\":\"Coins\",\"type\":\"Currency\",\"value\":500,\"claimed\":true},\"reward\":{\"id\":\"EventCoins\",\"type\":\"Currency\",\"value\":500,\"claimed\":true},\"timeslot\":\"season_S96\"}]},{\"State\":10,\"RequiredScore\":170000,\"OriginalRequiredScore\":170000,\"Rewards\":[{\"reward\":{\"id\":\"Hoverboards\",\"type\":\"Currency\",\"value\":2,\"claimed\":true}},{\"fallbackReward\":{\"id\":\"Coins\",\"type\":\"Currency\",\"value\":500,\"claimed\":true},\"reward\":{\"id\":\"EventCoins\",\"type\":\"Currency\",\"value\":500,\"claimed\":true},\"timeslot\":\"season_S96\"}]},{\"State\":10,\"RequiredScore\":170000,\"OriginalRequiredScore\":170000,\"Rewards\":[{\"reward\":{\"id\":\"ScoreBoosters\",\"type\":\"Currency\",\"value\":1,\"claimed\":true}},{\"fallbackReward\":{\"id\":\"Coins\",\"type\":\"Currency\",\"value\":2000,\"claimed\":true},\"reward\":{\"id\":\"EventCoins\",\"type\":\"Currency\",\"value\":2000,\"claimed\":true},\"timeslot\":\"season_S96\"}]},{\"State\":10,\"RequiredScore\":240000,\"OriginalRequiredScore\":240000,\"Rewards\":[{\"fallbackReward\":{\"id\":\"Coins\",\"type\":\"Currency\",\"value\":1500,\"claimed\":true},\"reward\":{\"type\":\"SeasonHuntToken\",\"value\":3,\"claimed\":true},\"timeslot\":\"season_S96\"},{\"fallbackReward\":{\"id\":\"Coins\",\"type\":\"Currency\",\"value\":500,\"claimed\":true},\"reward\":{\"id\":\"EventCoins\",\"type\":\"Currency\",\"value\":500,\"claimed\":true},\"timeslot\":\"season_S96\"}]},{\"State\":10,\"RequiredScore\":310000,\"OriginalRequiredScore\":310000,\"Rewards\":[{\"reward\":{\"id\":\"Hoverboards\",\"type\":\"Currency\",\"value\":3,\"claimed\":true}},{\"fallbackReward\":{\"id\":\"Coins\",\"type\":\"Currency\",\"value\":2500,\"claimed\":true},\"reward\":{\"type\":\"SeasonHuntToken\",\"value\":5,\"claimed\":true},\"timeslot\":\"season_S96\"},{\"fallbackReward\":{\"id\":\"Coins\",\"type\":\"Currency\",\"value\":2000,\"claimed\":true},\"reward\":{\"id\":\"EventCoins\",\"type\":\"Currency\",\"value\":2000,\"claimed\":true},\"timeslot\":\"season_S96\"}]},{\"State\":10,\"RequiredScore\":400000,\"OriginalRequiredScore\":400000,\"Rewards\":[{\"reward\":{\"id\":\"standingovation\",\"type\":\"Hoverboard\",\"value\":1,\"claimed\":true}}]}],\"rewardUnlockOffset\":[],\"matchmakingId\":\"dailyChallenge\",\"requirements\":{\"access\":{\"data\":[{\"operator\":\"GreaterEqual\",\"type\":\"BaseMultiplier\",\"value\":\"4\"}],\"operator\":\"And\"},\"participation\":{\"data\":[{\"type\":\"SelectedCharacter\",\"operator\":\"Equal\",\"value\":\"tricky\",\"meta\":{\"items\":[{\"alternativeSkipCost\":[{\"adPlacement\":\"SkipCharacterCooldown\",\"currencyType\":\"Ads\",\"value\":1}],\"cooldown\":28800,\"id\":\"tricky\",\"limitRuns\":1,\"skipCostKeys\":[16]}]}}],\"operator\":\"And\"}},\"kind\":4,\"targetCity\":\"hollywood\",\"markAsSeen\":true,\"gameMode\":\"default_marathon\"},\"s96_luoyanglny_mrt\":{\"challengeId\":\"s96_luoyanglny_mrt\",\"challengeType\":\"ui.challengeCity.marathon\",\"challengeServerId\":\"marathon\",\"currentSetEntryID\":\"s96_luoyanglny_mrt\",\"currentSetEntryTimeSlot\":\"season_s96_luoyanglny_mrt\",\"currentScore\":2147483647,\"highScore\":2147483647,\"startDate\":\"0001-01-01T00:00:00Z\",\"endDate\":\"2025-02-24T22:38:51Z\",\"rewardStates\":[{\"State\":10,\"RequiredScore\":25000,\"OriginalRequiredScore\":25000,\"Rewards\":[{\"reward\":{\"id\":\"HeadStarts\",\"type\":\"Currency\",\"value\":1,\"claimed\":true}},{\"fallbackReward\":{\"id\":\"Coins\",\"type\":\"Currency\",\"value\":100,\"claimed\":true},\"reward\":{\"id\":\"EventCoins\",\"type\":\"Currency\",\"value\":100,\"claimed\":true},\"timeslot\":\"season_S96\"}]},{\"State\":10,\"RequiredScore\":25000,\"OriginalRequiredScore\":25000,\"Rewards\":[{\"reward\":{\"id\":\"ScoreBoosters\",\"type\":\"Currency\",\"value\":1,\"claimed\":true}},{\"reward\":{\"id\":\"Coins\",\"type\":\"Currency\",\"value\":500,\"claimed\":true}},{\"fallbackReward\":{\"id\":\"Coins\",\"type\":\"Currency\",\"value\":300,\"claimed\":true},\"reward\":{\"id\":\"EventCoins\",\"type\":\"Currency\",\"value\":300,\"claimed\":true},\"timeslot\":\"season_S96\"}]},{\"State\":10,\"RequiredScore\":55000,\"OriginalRequiredScore\":55000,\"Rewards\":[{\"fallbackReward\":{\"id\":\"Coins\",\"type\":\"Currency\",\"value\":500,\"claimed\":true},\"reward\":{\"type\":\"SeasonHuntToken\",\"value\":1,\"claimed\":true},\"timeslot\":\"season_S96\"},{\"fallbackReward\":{\"id\":\"Coins\",\"type\":\"Currency\",\"value\":100,\"claimed\":true},\"reward\":{\"id\":\"EventCoins\",\"type\":\"Currency\",\"value\":100,\"claimed\":true},\"timeslot\":\"season_S96\"}]},{\"State\":10,\"RequiredScore\":85000,\"OriginalRequiredScore\":85000,\"Rewards\":[{\"reward\":{\"id\":\"Hoverboards\",\"type\":\"Currency\",\"value\":2,\"claimed\":true}},{\"fallbackReward\":{\"id\":\"Coins\",\"type\":\"Currency\",\"value\":100,\"claimed\":true},\"reward\":{\"id\":\"EventCoins\",\"type\":\"Currency\",\"value\":100,\"claimed\":true},\"timeslot\":\"season_S96\"}]},{\"State\":10,\"RequiredScore\":85000,\"OriginalRequiredScore\":85000,\"Rewards\":[{\"reward\":{\"id\":\"HeadStarts\",\"type\":\"Currency\",\"value\":1,\"claimed\":true}},{\"fallbackReward\":{\"id\":\"Coins\",\"type\":\"Currency\",\"value\":300,\"claimed\":true},\"reward\":{\"id\":\"EventCoins\",\"type\":\"Currency\",\"value\":300,\"claimed\":true},\"timeslot\":\"season_S96\"}]},{\"State\":10,\"RequiredScore\":120000,\"OriginalRequiredScore\":120000,\"Rewards\":[{\"reward\":{\"id\":\"Coins\",\"type\":\"Currency\",\"value\":500,\"claimed\":true}},{\"fallbackReward\":{\"id\":\"Coins\",\"type\":\"Currency\",\"value\":150,\"claimed\":true},\"reward\":{\"id\":\"EventCoins\",\"type\":\"Currency\",\"value\":150,\"claimed\":true},\"timeslot\":\"season_S96\"}]},{\"State\":10,\"RequiredScore\":170000,\"OriginalRequiredScore\":170000,\"Rewards\":[{\"reward\":{\"id\":\"Hoverboards\",\"type\":\"Currency\",\"value\":3,\"claimed\":true}},{\"fallbackReward\":{\"id\":\"Coins\",\"type\":\"Currency\",\"value\":250,\"claimed\":true},\"reward\":{\"id\":\"EventCoins\",\"type\":\"Currency\",\"value\":250,\"claimed\":true},\"timeslot\":\"season_S96\"}]},{\"State\":10,\"RequiredScore\":230000,\"OriginalRequiredScore\":230000,\"Rewards\":[{\"reward\":{\"id\":\"ScoreBoosters\",\"type\":\"Currency\",\"value\":1,\"claimed\":true}},{\"fallbackReward\":{\"id\":\"Coins\",\"type\":\"Currency\",\"value\":2000,\"claimed\":true},\"reward\":{\"type\":\"SeasonHuntToken\",\"value\":4,\"claimed\":true},\"timeslot\":\"season_S96\"},{\"fallbackReward\":{\"id\":\"Coins\",\"type\":\"Currency\",\"value\":500,\"claimed\":true},\"reward\":{\"id\":\"EventCoins\",\"type\":\"Currency\",\"value\":500,\"claimed\":true},\"timeslot\":\"season_S96\"}]}],\"rewardUnlockOffset\":[],\"matchmakingId\":\"dailyChallenge\",\"requirements\":{\"access\":{\"data\":[{\"operator\":\"GreaterEqual\",\"type\":\"BaseMultiplier\",\"value\":\"4\"}],\"operator\":\"And\"},\"participation\":{\"data\":[{\"type\":\"SelectedCharacter\",\"operator\":\"Equal\",\"value\":\"tricky\",\"meta\":{\"items\":[{\"alternativeSkipCost\":[{\"adPlacement\":\"SkipCharacterCooldown\",\"currencyType\":\"Ads\",\"value\":1}],\"cooldown\":28800,\"id\":\"tricky\",\"limitRuns\":1,\"skipCostKeys\":[16]}]}}],\"operator\":\"And\"}},\"kind\":4,\"targetCity\":\"luoyanglny\",\"markAsSeen\":true,\"gameMode\":\"default_marathon\"},\"s96_greecevalentines_mrt\":{\"challengeId\":\"s96_greecevalentines_mrt\",\"challengeType\":\"ui.challengeCity.marathon\",\"challengeServerId\":\"marathon\",\"currentSetEntryID\":\"s96_greecevalentines_mrt\",\"currentSetEntryTimeSlot\":\"season_s96_greecevalentines_mrt\",\"currentScore\":2147483647,\"highScore\":2147483647,\"startDate\":\"0001-01-01T00:00:00Z\",\"endDate\":\"2025-02-24T22:38:51Z\",\"rewardStates\":[{\"State\":10,\"RequiredScore\":25000,\"OriginalRequiredScore\":25000,\"Rewards\":[{\"reward\":{\"id\":\"HeadStarts\",\"type\":\"Currency\",\"value\":1,\"claimed\":true}},{\"fallbackReward\":{\"id\":\"Coins\",\"type\":\"Currency\",\"value\":100,\"claimed\":true},\"reward\":{\"id\":\"EventCoins\",\"type\":\"Currency\",\"value\":100,\"claimed\":true},\"timeslot\":\"season_S96\"}]},{\"State\":10,\"RequiredScore\":25000,\"OriginalRequiredScore\":25000,\"Rewards\":[{\"reward\":{\"id\":\"ScoreBoosters\",\"type\":\"Currency\",\"value\":1,\"claimed\":true}},{\"reward\":{\"id\":\"Coins\",\"type\":\"Currency\",\"value\":500,\"claimed\":true}},{\"fallbackReward\":{\"id\":\"Coins\",\"type\":\"Currency\",\"value\":300,\"claimed\":true},\"reward\":{\"id\":\"EventCoins\",\"type\":\"Currency\",\"value\":300,\"claimed\":true},\"timeslot\":\"season_S96\"}]},{\"State\":10,\"RequiredScore\":55000,\"OriginalRequiredScore\":55000,\"Rewards\":[{\"fallbackReward\":{\"id\":\"Coins\",\"type\":\"Currency\",\"value\":500,\"claimed\":true},\"reward\":{\"type\":\"SeasonHuntToken\",\"value\":1,\"claimed\":true},\"timeslot\":\"season_S96\"},{\"fallbackReward\":{\"id\":\"Coins\",\"type\":\"Currency\",\"value\":100,\"claimed\":true},\"reward\":{\"id\":\"EventCoins\",\"type\":\"Currency\",\"value\":100,\"claimed\":true},\"timeslot\":\"season_S96\"}]},{\"State\":10,\"RequiredScore\":85000,\"OriginalRequiredScore\":85000,\"Rewards\":[{\"reward\":{\"id\":\"Hoverboards\",\"type\":\"Currency\",\"value\":2,\"claimed\":true}},{\"fallbackReward\":{\"id\":\"Coins\",\"type\":\"Currency\",\"value\":100,\"claimed\":true},\"reward\":{\"id\":\"EventCoins\",\"type\":\"Currency\",\"value\":100,\"claimed\":true},\"timeslot\":\"season_S96\"}]},{\"State\":10,\"RequiredScore\":85000,\"OriginalRequiredScore\":85000,\"Rewards\":[{\"reward\":{\"id\":\"HeadStarts\",\"type\":\"Currency\",\"value\":1,\"claimed\":true}},{\"fallbackReward\":{\"id\":\"Coins\",\"type\":\"Currency\",\"value\":300,\"claimed\":true},\"reward\":{\"id\":\"EventCoins\",\"type\":\"Currency\",\"value\":300,\"claimed\":true},\"timeslot\":\"season_S96\"}]},{\"State\":10,\"RequiredScore\":120000,\"OriginalRequiredScore\":120000,\"Rewards\":[{\"reward\":{\"id\":\"Coins\",\"type\":\"Currency\",\"value\":500,\"claimed\":true}},{\"fallbackReward\":{\"id\":\"Coins\",\"type\":\"Currency\",\"value\":150,\"claimed\":true},\"reward\":{\"id\":\"EventCoins\",\"type\":\"Currency\",\"value\":150,\"claimed\":true},\"timeslot\":\"season_S96\"}]},{\"State\":10,\"RequiredScore\":170000,\"OriginalRequiredScore\":170000,\"Rewards\":[{\"reward\":{\"id\":\"Hoverboards\",\"type\":\"Currency\",\"value\":3,\"claimed\":true}},{\"fallbackReward\":{\"id\":\"Coins\",\"type\":\"Currency\",\"value\":250,\"claimed\":true},\"reward\":{\"id\":\"EventCoins\",\"type\":\"Currency\",\"value\":250,\"claimed\":true},\"timeslot\":\"season_S96\"}]},{\"State\":10,\"RequiredScore\":230000,\"OriginalRequiredScore\":230000,\"Rewards\":[{\"reward\":{\"id\":\"ScoreBoosters\",\"type\":\"Currency\",\"value\":1,\"claimed\":true}},{\"fallbackReward\":{\"id\":\"Coins\",\"type\":\"Currency\",\"value\":2000,\"claimed\":true},\"reward\":{\"type\":\"SeasonHuntToken\",\"value\":4,\"claimed\":true},\"timeslot\":\"season_S96\"},{\"fallbackReward\":{\"id\":\"Coins\",\"type\":\"Currency\",\"value\":500,\"claimed\":true},\"reward\":{\"id\":\"EventCoins\",\"type\":\"Currency\",\"value\":500,\"claimed\":true},\"timeslot\":\"season_S96\"}]}],\"rewardUnlockOffset\":[],\"matchmakingId\":\"dailyChallenge\",\"requirements\":{\"access\":{\"data\":[{\"operator\":\"GreaterEqual\",\"type\":\"BaseMultiplier\",\"value\":\"4\"}],\"operator\":\"And\"},\"participation\":{\"data\":[{\"type\":\"SelectedCharacter\",\"operator\":\"Equal\",\"value\":\"tricky\",\"meta\":{\"items\":[{\"alternativeSkipCost\":[{\"adPlacement\":\"SkipCharacterCooldown\",\"currencyType\":\"Ads\",\"value\":1}],\"cooldown\":28800,\"id\":\"tricky\",\"limitRuns\":1,\"skipCostKeys\":[16]}]}}],\"operator\":\"And\"}},\"kind\":4,\"targetCity\":\"greecevalentines\",\"markAsSeen\":true,\"gameMode\":\"default_marathon\"},\"s96_subwayclassic_mrt\":{\"challengeId\":\"s96_subwayclassic_mrt\",\"challengeType\":\"ui.challengeCity.marathon\",\"challengeServerId\":\"marathon\",\"currentSetEntryID\":\"s96_subwayclassic_mrt\",\"currentSetEntryTimeSlot\":\"season_s96_subwayclassic_mrt\",\"currentScore\":2147483647,\"highScore\":2147483647,\"startDate\":\"0001-01-01T00:00:00Z\",\"endDate\":\"2025-02-24T22:38:51Z\",\"rewardStates\":[{\"State\":10,\"RequiredScore\":25000,\"OriginalRequiredScore\":25000,\"Rewards\":[{\"reward\":{\"id\":\"ScoreBoosters\",\"type\":\"Currency\",\"value\":1,\"claimed\":true}},{\"fallbackReward\":{\"id\":\"Coins\",\"type\":\"Currency\",\"value\":100,\"claimed\":true},\"reward\":{\"id\":\"EventCoins\",\"type\":\"Currency\",\"value\":100,\"claimed\":true},\"timeslot\":\"season_S96\"}]},{\"State\":10,\"RequiredScore\":25000,\"OriginalRequiredScore\":25000,\"Rewards\":[{\"reward\":{\"id\":\"Hoverboards\",\"type\":\"Currency\",\"value\":1,\"claimed\":true}},{\"reward\":{\"id\":\"Coins\",\"type\":\"Currency\",\"value\":500,\"claimed\":true}},{\"fallbackReward\":{\"id\":\"Coins\",\"type\":\"Currency\",\"value\":300,\"claimed\":true},\"reward\":{\"id\":\"EventCoins\",\"type\":\"Currency\",\"value\":300,\"claimed\":true},\"timeslot\":\"season_S96\"}]},{\"State\":10,\"RequiredScore\":55000,\"OriginalRequiredScore\":55000,\"Rewards\":[{\"fallbackReward\":{\"id\":\"Coins\",\"type\":\"Currency\",\"value\":500,\"claimed\":true},\"reward\":{\"type\":\"SeasonHuntToken\",\"value\":1,\"claimed\":true},\"timeslot\":\"season_S96\"},{\"fallbackReward\":{\"id\":\"Coins\",\"type\":\"Currency\",\"value\":100,\"claimed\":true},\"reward\":{\"id\":\"EventCoins\",\"type\":\"Currency\",\"value\":100,\"claimed\":true},\"timeslot\":\"season_S96\"}]},{\"State\":10,\"RequiredScore\":85000,\"OriginalRequiredScore\":85000,\"Rewards\":[{\"reward\":{\"id\":\"HeadStarts\",\"type\":\"Currency\",\"value\":1,\"claimed\":true}},{\"fallbackReward\":{\"id\":\"Coins\",\"type\":\"Currency\",\"value\":100,\"claimed\":true},\"reward\":{\"id\":\"EventCoins\",\"type\":\"Currency\",\"value\":100,\"claimed\":true},\"timeslot\":\"season_S96\"}]},{\"State\":10,\"RequiredScore\":85000,\"OriginalRequiredScore\":85000,\"Rewards\":[{\"reward\":{\"id\":\"ScoreBoosters\",\"type\":\"Currency\",\"value\":1,\"claimed\":true}},{\"fallbackReward\":{\"id\":\"Coins\",\"type\":\"Currency\",\"value\":300,\"claimed\":true},\"reward\":{\"id\":\"EventCoins\",\"type\":\"Currency\",\"value\":300,\"claimed\":true},\"timeslot\":\"season_S96\"}]},{\"State\":10,\"RequiredScore\":120000,\"OriginalRequiredScore\":120000,\"Rewards\":[{\"reward\":{\"id\":\"Coins\",\"type\":\"Currency\",\"value\":500,\"claimed\":true}},{\"fallbackReward\":{\"id\":\"Coins\",\"type\":\"Currency\",\"value\":150,\"claimed\":true},\"reward\":{\"id\":\"EventCoins\",\"type\":\"Currency\",\"value\":150,\"claimed\":true},\"timeslot\":\"season_S96\"}]},{\"State\":10,\"RequiredScore\":170000,\"OriginalRequiredScore\":170000,\"Rewards\":[{\"reward\":{\"id\":\"HeadStarts\",\"type\":\"Currency\",\"value\":1,\"claimed\":true}},{\"fallbackReward\":{\"id\":\"Coins\",\"type\":\"Currency\",\"value\":250,\"claimed\":true},\"reward\":{\"id\":\"EventCoins\",\"type\":\"Currency\",\"value\":250,\"claimed\":true},\"timeslot\":\"season_S96\"}]},{\"State\":10,\"RequiredScore\":230000,\"OriginalRequiredScore\":230000,\"Rewards\":[{\"reward\":{\"id\":\"Hoverboards\",\"type\":\"Currency\",\"value\":3,\"claimed\":true}},{\"fallbackReward\":{\"id\":\"Coins\",\"type\":\"Currency\",\"value\":2000,\"claimed\":true},\"reward\":{\"type\":\"SeasonHuntToken\",\"value\":4,\"claimed\":true},\"timeslot\":\"season_S96\"},{\"fallbackReward\":{\"id\":\"Coins\",\"type\":\"Currency\",\"value\":500,\"claimed\":true},\"reward\":{\"id\":\"EventCoins\",\"type\":\"Currency\",\"value\":500,\"claimed\":true},\"timeslot\":\"season_S96\"}]}],\"rewardUnlockOffset\":[],\"matchmakingId\":\"dailyChallenge\",\"requirements\":{\"access\":{\"data\":[{\"operator\":\"GreaterEqual\",\"type\":\"BaseMultiplier\",\"value\":\"4\"}],\"operator\":\"And\"},\"participation\":{\"data\":[{\"type\":\"SelectedCharacter\",\"operator\":\"Equal\",\"value\":\"tricky\",\"meta\":{\"items\":[{\"alternativeSkipCost\":[{\"adPlacement\":\"SkipCharacterCooldown\",\"currencyType\":\"Ads\",\"value\":1}],\"cooldown\":28800,\"id\":\"tricky\",\"limitRuns\":1,\"skipCostKeys\":[16]}]}}],\"operator\":\"And\"}},\"kind\":4,\"targetCity\":\"subwayclassic\",\"markAsSeen\":true,\"gameMode\":\"default_marathon\"},\"s96_plantinvasion_st_nfc\":{\"challengeId\":\"s96_plantinvasion_st_nfc\",\"challengeType\":\"cities.subwaycityplantinvasion.name\",\"challengeServerId\":\"staged_plant_invasion\",\"currentSetEntryID\":\"s96_plantinvasion_st_nfc\",\"currentSetEntryTimeSlot\":\"season_s96_plantinvasion_st_nfc\",\"currentScore\":2147483647,\"highScore\":2147483647,\"startDate\":\"0001-01-01T00:00:00Z\",\"endDate\":\"2025-02-24T22:38:51Z\",\"rewardStates\":[{\"State\":10,\"RequiredScore\":10000,\"OriginalRequiredScore\":10000,\"Rewards\":[{\"reward\":{\"id\":\"Hoverboards\",\"type\":\"Currency\",\"value\":3,\"claimed\":true}},{\"fallbackReward\":{\"id\":\"Coins\",\"type\":\"Currency\",\"value\":100,\"claimed\":true},\"reward\":{\"id\":\"EventCoins\",\"type\":\"Currency\",\"value\":100,\"claimed\":true},\"timeslot\":\"season_S96\"}]},{\"State\":10,\"RequiredScore\":10000,\"OriginalRequiredScore\":10000,\"Rewards\":[{\"reward\":{\"id\":\"HeadStarts\",\"type\":\"Currency\",\"value\":1,\"claimed\":true}},{\"fallbackReward\":{\"id\":\"Coins\",\"type\":\"Currency\",\"value\":400,\"claimed\":true},\"reward\":{\"id\":\"EventCoins\",\"type\":\"Currency\",\"value\":400,\"claimed\":true},\"timeslot\":\"season_S96\"}]},{\"State\":10,\"RequiredScore\":30000,\"OriginalRequiredScore\":30000,\"Rewards\":[{\"reward\":{\"id\":\"ScoreBoosters\",\"type\":\"Currency\",\"value\":1,\"claimed\":true}},{\"fallbackReward\":{\"id\":\"Coins\",\"type\":\"Currency\",\"value\":200,\"claimed\":true},\"reward\":{\"id\":\"EventCoins\",\"type\":\"Currency\",\"value\":200,\"claimed\":true},\"timeslot\":\"season_S96\"}]},{\"State\":10,\"RequiredScore\":40000,\"OriginalRequiredScore\":40000,\"Rewards\":[{\"reward\":{\"id\":\"HeadStarts\",\"type\":\"Currency\",\"value\":1,\"claimed\":true}},{\"fallbackReward\":{\"id\":\"Coins\",\"type\":\"Currency\",\"value\":100,\"claimed\":true},\"reward\":{\"id\":\"EventCoins\",\"type\":\"Currency\",\"value\":100,\"claimed\":true},\"timeslot\":\"season_S96\"}]},{\"State\":10,\"RequiredScore\":60000,\"OriginalRequiredScore\":60000,\"Rewards\":[{\"reward\":{\"id\":\"Hoverboards\",\"type\":\"Currency\",\"value\":4,\"claimed\":true}},{\"fallbackReward\":{\"id\":\"Coins\",\"type\":\"Currency\",\"value\":200,\"claimed\":true},\"reward\":{\"id\":\"EventCoins\",\"type\":\"Currency\",\"value\":200,\"claimed\":true},\"timeslot\":\"season_S96\"}]},{\"State\":10,\"RequiredScore\":90000,\"OriginalRequiredScore\":90000,\"Rewards\":[{\"fallbackReward\":{\"id\":\"Coins\",\"type\":\"Currency\",\"value\":500,\"claimed\":true},\"reward\":{\"id\":\"EventCoins\",\"type\":\"Currency\",\"value\":500,\"claimed\":true},\"timeslot\":\"season_S96\"}]},{\"State\":10,\"RequiredScore\":110000,\"OriginalRequiredScore\":110000,\"Rewards\":[{\"reward\":{\"id\":\"HeadStarts\",\"type\":\"Currency\",\"value\":1,\"claimed\":true}},{\"fallbackReward\":{\"id\":\"Coins\",\"type\":\"Currency\",\"value\":200,\"claimed\":true},\"reward\":{\"id\":\"EventCoins\",\"type\":\"Currency\",\"value\":200,\"claimed\":true},\"timeslot\":\"season_S96\"}]},{\"State\":10,\"RequiredScore\":110000,\"OriginalRequiredScore\":110000,\"Rewards\":[{\"reward\":{\"id\":\"Hoverboards\",\"type\":\"Currency\",\"value\":2,\"claimed\":true}},{\"fallbackReward\":{\"id\":\"Coins\",\"type\":\"Currency\",\"value\":400,\"claimed\":true},\"reward\":{\"id\":\"EventCoins\",\"type\":\"Currency\",\"value\":400,\"claimed\":true},\"timeslot\":\"season_S96\"}]},{\"State\":10,\"RequiredScore\":140000,\"OriginalRequiredScore\":140000,\"Rewards\":[{\"reward\":{\"id\":\"ScoreBoosters\",\"type\":\"Currency\",\"value\":1,\"claimed\":true}},{\"fallbackReward\":{\"id\":\"Coins\",\"type\":\"Currency\",\"value\":300,\"claimed\":true},\"reward\":{\"id\":\"EventCoins\",\"type\":\"Currency\",\"value\":300,\"claimed\":true},\"timeslot\":\"season_S96\"}]},{\"State\":10,\"RequiredScore\":170000,\"OriginalRequiredScore\":170000,\"Rewards\":[{\"reward\":{\"id\":\"Hoverboards\",\"type\":\"Currency\",\"value\":2,\"claimed\":true}},{\"fallbackReward\":{\"id\":\"Coins\",\"type\":\"Currency\",\"value\":100,\"claimed\":true},\"reward\":{\"id\":\"EventCoins\",\"type\":\"Currency\",\"value\":100,\"claimed\":true},\"timeslot\":\"season_S96\"}]},{\"State\":10,\"RequiredScore\":200000,\"OriginalRequiredScore\":200000,\"Rewards\":[{\"reward\":{\"id\":\"HeadStarts\",\"type\":\"Currency\",\"value\":2,\"claimed\":true}},{\"fallbackReward\":{\"id\":\"Coins\",\"type\":\"Currency\",\"value\":350,\"claimed\":true},\"reward\":{\"id\":\"EventCoins\",\"type\":\"Currency\",\"value\":350,\"claimed\":true},\"timeslot\":\"season_S96\"}]},{\"State\":10,\"RequiredScore\":240000,\"OriginalRequiredScore\":240000,\"Rewards\":[{\"reward\":{\"id\":\"Hoverboards\",\"type\":\"Currency\",\"value\":5,\"claimed\":true}},{\"fallbackReward\":{\"id\":\"Coins\",\"type\":\"Currency\",\"value\":600,\"claimed\":true},\"reward\":{\"id\":\"EventCoins\",\"type\":\"Currency\",\"value\":600,\"claimed\":true},\"timeslot\":\"season_S96\"}]},{\"State\":10,\"RequiredScore\":270000,\"OriginalRequiredScore\":270000,\"Rewards\":[{\"reward\":{\"id\":\"ScoreBoosters\",\"type\":\"Currency\",\"value\":1,\"claimed\":true}},{\"fallbackReward\":{\"id\":\"Coins\",\"type\":\"Currency\",\"value\":150,\"claimed\":true},\"reward\":{\"id\":\"EventCoins\",\"type\":\"Currency\",\"value\":150,\"claimed\":true},\"timeslot\":\"season_S96\"}]},{\"State\":10,\"RequiredScore\":270000,\"OriginalRequiredScore\":270000,\"Rewards\":[{\"reward\":{\"id\":\"HeadStarts\",\"type\":\"Currency\",\"value\":2,\"claimed\":true}},{\"fallbackReward\":{\"id\":\"Coins\",\"type\":\"Currency\",\"value\":400,\"claimed\":true},\"reward\":{\"id\":\"EventCoins\",\"type\":\"Currency\",\"value\":400,\"claimed\":true},\"timeslot\":\"season_S96\"}]},{\"State\":10,\"RequiredScore\":300000,\"OriginalRequiredScore\":300000,\"Rewards\":[{\"reward\":{\"id\":\"Hoverboards\",\"type\":\"Currency\",\"value\":3,\"claimed\":true}},{\"fallbackReward\":{\"id\":\"Coins\",\"type\":\"Currency\",\"value\":250,\"claimed\":true},\"reward\":{\"id\":\"EventCoins\",\"type\":\"Currency\",\"value\":250,\"claimed\":true},\"timeslot\":\"season_S96\"}]},{\"State\":10,\"RequiredScore\":320000,\"OriginalRequiredScore\":320000,\"Rewards\":[{\"reward\":{\"id\":\"HeadStarts\",\"type\":\"Currency\",\"value\":1,\"claimed\":true}},{\"fallbackReward\":{\"id\":\"Coins\",\"type\":\"Currency\",\"value\":100,\"claimed\":true},\"reward\":{\"id\":\"EventCoins\",\"type\":\"Currency\",\"value\":100,\"claimed\":true},\"timeslot\":\"season_S96\"}]},{\"State\":10,\"RequiredScore\":350000,\"OriginalRequiredScore\":350000,\"Rewards\":[{\"reward\":{\"id\":\"ScoreBoosters\",\"type\":\"Currency\",\"value\":2,\"claimed\":true}},{\"fallbackReward\":{\"id\":\"Coins\",\"type\":\"Currency\",\"value\":350,\"claimed\":true},\"reward\":{\"id\":\"EventCoins\",\"type\":\"Currency\",\"value\":350,\"claimed\":true},\"timeslot\":\"season_S96\"}]},{\"State\":10,\"RequiredScore\":380000,\"OriginalRequiredScore\":380000,\"Rewards\":[{\"fallbackReward\":{\"id\":\"Coins\",\"type\":\"Currency\",\"value\":600,\"claimed\":true},\"reward\":{\"id\":\"EventCoins\",\"type\":\"Currency\",\"value\":600,\"claimed\":true},\"timeslot\":\"season_S96\"}]},{\"State\":10,\"RequiredScore\":400000,\"OriginalRequiredScore\":400000,\"Rewards\":[{\"reward\":{\"id\":\"ScoreBoosters\",\"type\":\"Currency\",\"value\":1,\"claimed\":true}},{\"fallbackReward\":{\"id\":\"Coins\",\"type\":\"Currency\",\"value\":150,\"claimed\":true},\"reward\":{\"id\":\"EventCoins\",\"type\":\"Currency\",\"value\":150,\"claimed\":true},\"timeslot\":\"season_S96\"}]},{\"State\":10,\"RequiredScore\":400000,\"OriginalRequiredScore\":400000,\"Rewards\":[{\"reward\":{\"id\":\"HeadStarts\",\"type\":\"Currency\",\"value\":2,\"claimed\":true}},{\"fallbackReward\":{\"id\":\"Coins\",\"type\":\"Currency\",\"value\":400,\"claimed\":true},\"reward\":{\"id\":\"EventCoins\",\"type\":\"Currency\",\"value\":400,\"claimed\":true},\"timeslot\":\"season_S96\"}]},{\"State\":10,\"RequiredScore\":430000,\"OriginalRequiredScore\":430000,\"Rewards\":[{\"reward\":{\"id\":\"Hoverboards\",\"type\":\"Currency\",\"value\":4,\"claimed\":true}},{\"fallbackReward\":{\"id\":\"Coins\",\"type\":\"Currency\",\"value\":400,\"claimed\":true},\"reward\":{\"id\":\"EventCoins\",\"type\":\"Currency\",\"value\":400,\"claimed\":true},\"timeslot\":\"season_S96\"}]},{\"State\":10,\"RequiredScore\":480000,\"OriginalRequiredScore\":480000,\"Rewards\":[{\"reward\":{\"id\":\"HeadStarts\",\"type\":\"Currency\",\"value\":1,\"claimed\":true}},{\"fallbackReward\":{\"id\":\"Coins\",\"type\":\"Currency\",\"value\":100,\"claimed\":true},\"reward\":{\"id\":\"EventCoins\",\"type\":\"Currency\",\"value\":100,\"claimed\":true},\"timeslot\":\"season_S96\"}]},{\"State\":10,\"RequiredScore\":530000,\"OriginalRequiredScore\":530000,\"Rewards\":[{\"reward\":{\"id\":\"Hoverboards\",\"type\":\"Currency\",\"value\":5,\"claimed\":true}},{\"fallbackReward\":{\"id\":\"Coins\",\"type\":\"Currency\",\"value\":250,\"claimed\":true},\"reward\":{\"id\":\"EventCoins\",\"type\":\"Currency\",\"value\":250,\"claimed\":true},\"timeslot\":\"season_S96\"}]},{\"State\":10,\"RequiredScore\":580000,\"OriginalRequiredScore\":580000,\"Rewards\":[{\"reward\":{\"id\":\"ScoreBoosters\",\"type\":\"Currency\",\"value\":2,\"claimed\":true}},{\"fallbackReward\":{\"id\":\"Coins\",\"type\":\"Currency\",\"value\":1000,\"claimed\":true},\"reward\":{\"id\":\"EventCoins\",\"type\":\"Currency\",\"value\":1000,\"claimed\":true},\"timeslot\":\"season_S96\"}]},{\"State\":10,\"RequiredScore\":600000,\"OriginalRequiredScore\":600000,\"Rewards\":[{\"reward\":{\"id\":\"ScoreBoosters\",\"type\":\"Currency\",\"value\":1,\"claimed\":true}},{\"fallbackReward\":{\"id\":\"Coins\",\"type\":\"Currency\",\"value\":300,\"claimed\":true},\"reward\":{\"id\":\"EventCoins\",\"type\":\"Currency\",\"value\":300,\"claimed\":true},\"timeslot\":\"season_S96\"}]},{\"State\":10,\"RequiredScore\":620000,\"OriginalRequiredScore\":620000,\"Rewards\":[{\"reward\":{\"id\":\"Hoverboards\",\"type\":\"Currency\",\"value\":3,\"claimed\":true}},{\"fallbackReward\":{\"id\":\"Coins\",\"type\":\"Currency\",\"value\":500,\"claimed\":true},\"reward\":{\"id\":\"EventCoins\",\"type\":\"Currency\",\"value\":500,\"claimed\":true},\"timeslot\":\"season_S96\"}]},{\"State\":10,\"RequiredScore\":670000,\"OriginalRequiredScore\":670000,\"Rewards\":[{\"reward\":{\"id\":\"HeadStarts\",\"type\":\"Currency\",\"value\":1,\"claimed\":true}},{\"fallbackReward\":{\"id\":\"Coins\",\"type\":\"Currency\",\"value\":500,\"claimed\":true},\"reward\":{\"id\":\"EventCoins\",\"type\":\"Currency\",\"value\":500,\"claimed\":true},\"timeslot\":\"season_S96\"}]},{\"State\":10,\"RequiredScore\":720000,\"OriginalRequiredScore\":720000,\"Rewards\":[{\"fallbackReward\":{\"id\":\"Coins\",\"type\":\"Currency\",\"value\":500,\"claimed\":true},\"reward\":{\"id\":\"EventCoins\",\"type\":\"Currency\",\"value\":500,\"claimed\":true},\"timeslot\":\"season_S96\"}]},{\"State\":10,\"RequiredScore\":780000,\"OriginalRequiredScore\":780000,\"Rewards\":[{\"reward\":{\"id\":\"heartstopper\",\"type\":\"Hoverboard\",\"value\":1,\"claimed\":true}}]}],\"rewardUnlockOffset\":[24,48,72,96,120],\"matchmakingId\":\"dailyChallenge\",\"requirements\":{\"access\":{\"data\":[{\"operator\":\"GreaterEqual\",\"type\":\"BaseMultiplier\",\"value\":\"6\"}],\"operator\":\"And\"},\"participation\":{\"data\":[{\"type\":\"SelectedCharacter\",\"operator\":\"Equal\",\"value\":\"hali,azura\",\"meta\":{\"items\":[{\"alternativeSkipCost\":[{\"adPlacement\":\"SkipCharacterCooldown\",\"currencyType\":\"Ads\",\"value\":1}],\"cooldown\":7200,\"id\":\"hali\",\"limitRuns\":1,\"skipCostKeys\":[16],\"tryable\":true},{\"alternativeSkipCost\":[{\"adPlacement\":\"SkipCharacterCooldown\",\"currencyType\":\"Ads\",\"value\":1}],\"cooldown\":7200,\"id\":\"azura\",\"limitRuns\":1,\"skipCostKeys\":[16]}]}}],\"operator\":\"And\"}},\"kind\":4,\"targetCity\":\"subwaycityplantinvasion\",\"markAsSeen\":true,\"gameMode\":\"plant_invasion\"},\"s96_floorislava_st_nfc\":{\"challengeId\":\"s96_floorislava_st_nfc\",\"challengeType\":\"ui.floor_is_lava.title\",\"challengeServerId\":\"staged_floor_is_lava\",\"currentSetEntryID\":\"s96_floorislava_st_nfc\",\"currentSetEntryTimeSlot\":\"season_s96_floorislava_st_nfc\",\"currentScore\":2147483647,\"highScore\":2147483647,\"startDate\":\"0001-01-01T00:00:00Z\",\"endDate\":\"2025-02-24T22:38:51Z\",\"rewardStates\":[{\"State\":10,\"RequiredScore\":10000,\"OriginalRequiredScore\":10000,\"Rewards\":[{\"reward\":{\"id\":\"Hoverboards\",\"type\":\"Currency\",\"value\":3,\"claimed\":true}},{\"fallbackReward\":{\"id\":\"Coins\",\"type\":\"Currency\",\"value\":200,\"claimed\":true},\"reward\":{\"id\":\"EventCoins\",\"type\":\"Currency\",\"value\":200,\"claimed\":true},\"timeslot\":\"season_S96\"}]},{\"State\":10,\"RequiredScore\":10000,\"OriginalRequiredScore\":10000,\"Rewards\":[{\"reward\":{\"id\":\"HeadStarts\",\"type\":\"Currency\",\"value\":1,\"claimed\":true}},{\"fallbackReward\":{\"id\":\"Coins\",\"type\":\"Currency\",\"value\":400,\"claimed\":true},\"reward\":{\"id\":\"EventCoins\",\"type\":\"Currency\",\"value\":400,\"claimed\":true},\"timeslot\":\"season_S96\"},{\"fallbackReward\":{\"id\":\"Coins\",\"type\":\"Currency\",\"value\":1000,\"claimed\":true},\"reward\":{\"type\":\"SeasonHuntToken\",\"value\":2,\"claimed\":true},\"timeslot\":\"season_S96\"}]},{\"State\":10,\"RequiredScore\":20000,\"OriginalRequiredScore\":20000,\"Rewards\":[{\"reward\":{\"id\":\"ScoreBoosters\",\"type\":\"Currency\",\"value\":1,\"claimed\":true}},{\"fallbackReward\":{\"id\":\"Coins\",\"type\":\"Currency\",\"value\":400,\"claimed\":true},\"reward\":{\"id\":\"EventCoins\",\"type\":\"Currency\",\"value\":400,\"claimed\":true},\"timeslot\":\"season_S96\"},{\"fallbackReward\":{\"id\":\"Coins\",\"type\":\"Currency\",\"value\":1000,\"claimed\":true},\"reward\":{\"type\":\"SeasonHuntToken\",\"value\":2,\"claimed\":true},\"timeslot\":\"season_S96\"}]},{\"State\":10,\"RequiredScore\":40000,\"OriginalRequiredScore\":40000,\"Rewards\":[{\"reward\":{\"id\":\"HeadStarts\",\"type\":\"Currency\",\"value\":1,\"claimed\":true}},{\"fallbackReward\":{\"id\":\"Coins\",\"type\":\"Currency\",\"value\":200,\"claimed\":true},\"reward\":{\"id\":\"EventCoins\",\"type\":\"Currency\",\"value\":200,\"claimed\":true},\"timeslot\":\"season_S96\"}]},{\"State\":10,\"RequiredScore\":60000,\"OriginalRequiredScore\":60000,\"Rewards\":[{\"reward\":{\"id\":\"Hoverboards\",\"type\":\"Currency\",\"value\":4,\"claimed\":true}},{\"fallbackReward\":{\"id\":\"Coins\",\"type\":\"Currency\",\"value\":200,\"claimed\":true},\"reward\":{\"id\":\"EventCoins\",\"type\":\"Currency\",\"value\":200,\"claimed\":true},\"timeslot\":\"season_S96\"},{\"fallbackReward\":{\"id\":\"Coins\",\"type\":\"Currency\",\"value\":1500,\"claimed\":true},\"reward\":{\"type\":\"SeasonHuntToken\",\"value\":3,\"claimed\":true},\"timeslot\":\"season_S96\"}]},{\"State\":10,\"RequiredScore\":90000,\"OriginalRequiredScore\":90000,\"Rewards\":[{\"reward\":{\"id\":\"ScoreBoosters\",\"type\":\"Currency\",\"value\":2,\"claimed\":true}},{\"fallbackReward\":{\"id\":\"Coins\",\"type\":\"Currency\",\"value\":1000,\"claimed\":true},\"reward\":{\"id\":\"EventCoins\",\"type\":\"Currency\",\"value\":1000,\"claimed\":true},\"timeslot\":\"season_S96\"}]},{\"State\":10,\"RequiredScore\":105000,\"OriginalRequiredScore\":105000,\"Rewards\":[{\"reward\":{\"id\":\"HeadStarts\",\"type\":\"Currency\",\"value\":1,\"claimed\":true}},{\"fallbackReward\":{\"id\":\"Coins\",\"type\":\"Currency\",\"value\":400,\"claimed\":true},\"reward\":{\"id\":\"EventCoins\",\"type\":\"Currency\",\"value\":400,\"claimed\":true},\"timeslot\":\"season_S96\"}]},{\"State\":10,\"RequiredScore\":105000,\"OriginalRequiredScore\":105000,\"Rewards\":[{\"reward\":{\"id\":\"Hoverboards\",\"type\":\"Currency\",\"value\":2,\"claimed\":true}},{\"fallbackReward\":{\"id\":\"Coins\",\"type\":\"Currency\",\"value\":600,\"claimed\":true},\"reward\":{\"id\":\"EventCoins\",\"type\":\"Currency\",\"value\":600,\"claimed\":true},\"timeslot\":\"season_S96\"},{\"fallbackReward\":{\"id\":\"Coins\",\"type\":\"Currency\",\"value\":1000,\"claimed\":true},\"reward\":{\"type\":\"SeasonHuntToken\",\"value\":2,\"claimed\":true},\"timeslot\":\"season_S96\"}]},{\"State\":10,\"RequiredScore\":120000,\"OriginalRequiredScore\":120000,\"Rewards\":[{\"reward\":{\"id\":\"ScoreBoosters\",\"type\":\"Currency\",\"value\":1,\"claimed\":true}},{\"fallbackReward\":{\"id\":\"Coins\",\"type\":\"Currency\",\"value\":600,\"claimed\":true},\"reward\":{\"id\":\"EventCoins\",\"type\":\"Currency\",\"value\":600,\"claimed\":true},\"timeslot\":\"season_S96\"},{\"fallbackReward\":{\"id\":\"Coins\",\"type\":\"Currency\",\"value\":1000,\"claimed\":true},\"reward\":{\"type\":\"SeasonHuntToken\",\"value\":2,\"claimed\":true},\"timeslot\":\"season_S96\"}]},{\"State\":10,\"RequiredScore\":155000,\"OriginalRequiredScore\":155000,\"Rewards\":[{\"reward\":{\"id\":\"Hoverboards\",\"type\":\"Currency\",\"value\":4,\"claimed\":true}},{\"fallbackReward\":{\"id\":\"Coins\",\"type\":\"Currency\",\"value\":700,\"claimed\":true},\"reward\":{\"id\":\"EventCoins\",\"type\":\"Currency\",\"value\":700,\"claimed\":true},\"timeslot\":\"season_S96\"}]},{\"State\":10,\"RequiredScore\":190000,\"OriginalRequiredScore\":190000,\"Rewards\":[{\"reward\":{\"id\":\"HeadStarts\",\"type\":\"Currency\",\"value\":1,\"claimed\":true}},{\"fallbackReward\":{\"id\":\"Coins\",\"type\":\"Currency\",\"value\":200,\"claimed\":true},\"reward\":{\"id\":\"EventCoins\",\"type\":\"Currency\",\"value\":200,\"claimed\":true},\"timeslot\":\"season_S96\"}]},{\"State\":10,\"RequiredScore\":240000,\"OriginalRequiredScore\":240000,\"Rewards\":[{\"reward\":{\"id\":\"Hoverboards\",\"type\":\"Currency\",\"value\":5,\"claimed\":true}},{\"fallbackReward\":{\"id\":\"Coins\",\"type\":\"Currency\",\"value\":1200,\"claimed\":true},\"reward\":{\"id\":\"EventCoins\",\"type\":\"Currency\",\"value\":1200,\"claimed\":true},\"timeslot\":\"season_S96\"},{\"fallbackReward\":{\"id\":\"Coins\",\"type\":\"Currency\",\"value\":1500,\"claimed\":true},\"reward\":{\"type\":\"SeasonHuntToken\",\"value\":3,\"claimed\":true},\"timeslot\":\"season_S96\"}]},{\"State\":10,\"RequiredScore\":270000,\"OriginalRequiredScore\":270000,\"Rewards\":[{\"reward\":{\"id\":\"ScoreBoosters\",\"type\":\"Currency\",\"value\":1,\"claimed\":true}},{\"fallbackReward\":{\"id\":\"Coins\",\"type\":\"Currency\",\"value\":300,\"claimed\":true},\"reward\":{\"id\":\"EventCoins\",\"type\":\"Currency\",\"value\":300,\"claimed\":true},\"timeslot\":\"season_S96\"}]},{\"State\":10,\"RequiredScore\":270000,\"OriginalRequiredScore\":270000,\"Rewards\":[{\"reward\":{\"id\":\"HeadStarts\",\"type\":\"Currency\",\"value\":3,\"claimed\":true}},{\"fallbackReward\":{\"id\":\"Coins\",\"type\":\"Currency\",\"value\":500,\"claimed\":true},\"reward\":{\"id\":\"EventCoins\",\"type\":\"Currency\",\"value\":500,\"claimed\":true},\"timeslot\":\"season_S96\"}]},{\"State\":10,\"RequiredScore\":285000,\"OriginalRequiredScore\":285000,\"Rewards\":[{\"reward\":{\"id\":\"Hoverboards\",\"type\":\"Currency\",\"value\":3,\"claimed\":true}},{\"fallbackReward\":{\"id\":\"Coins\",\"type\":\"Currency\",\"value\":500,\"claimed\":true},\"reward\":{\"id\":\"EventCoins\",\"type\":\"Currency\",\"value\":500,\"claimed\":true},\"timeslot\":\"season_S96\"}]},{\"State\":10,\"RequiredScore\":310000,\"OriginalRequiredScore\":310000,\"Rewards\":[{\"reward\":{\"id\":\"HeadStarts\",\"type\":\"Currency\",\"value\":1,\"claimed\":true}},{\"fallbackReward\":{\"id\":\"Coins\",\"type\":\"Currency\",\"value\":200,\"claimed\":true},\"reward\":{\"id\":\"EventCoins\",\"type\":\"Currency\",\"value\":200,\"claimed\":true},\"timeslot\":\"season_S96\"}]},{\"State\":10,\"RequiredScore\":340000,\"OriginalRequiredScore\":340000,\"Rewards\":[{\"reward\":{\"id\":\"ScoreBoosters\",\"type\":\"Currency\",\"value\":1,\"claimed\":true}},{\"fallbackReward\":{\"id\":\"Coins\",\"type\":\"Currency\",\"value\":200,\"claimed\":true},\"reward\":{\"id\":\"EventCoins\",\"type\":\"Currency\",\"value\":200,\"claimed\":true},\"timeslot\":\"season_S96\"}]},{\"State\":10,\"RequiredScore\":385000,\"OriginalRequiredScore\":385000,\"Rewards\":[{\"fallbackReward\":{\"id\":\"Coins\",\"type\":\"Currency\",\"value\":700,\"claimed\":true},\"reward\":{\"id\":\"EventCoins\",\"type\":\"Currency\",\"value\":700,\"claimed\":true},\"timeslot\":\"season_S96\"},{\"fallbackReward\":{\"id\":\"Coins\",\"type\":\"Currency\",\"value\":1500,\"claimed\":true},\"reward\":{\"type\":\"SeasonHuntToken\",\"value\":3,\"claimed\":true},\"timeslot\":\"season_S96\"}]},{\"State\":10,\"RequiredScore\":405000,\"OriginalRequiredScore\":405000,\"Rewards\":[{\"reward\":{\"id\":\"ScoreBoosters\",\"type\":\"Currency\",\"value\":1,\"claimed\":true}},{\"fallbackReward\":{\"id\":\"Coins\",\"type\":\"Currency\",\"value\":300,\"claimed\":true},\"reward\":{\"id\":\"EventCoins\",\"type\":\"Currency\",\"value\":300,\"claimed\":true},\"timeslot\":\"season_S96\"}]},{\"State\":10,\"RequiredScore\":405000,\"OriginalRequiredScore\":405000,\"Rewards\":[{\"reward\":{\"id\":\"ScoreBoosters\",\"type\":\"Currency\",\"value\":3,\"claimed\":true}},{\"fallbackReward\":{\"id\":\"Coins\",\"type\":\"Currency\",\"value\":800,\"claimed\":true},\"reward\":{\"id\":\"EventCoins\",\"type\":\"Currency\",\"value\":800,\"claimed\":true},\"timeslot\":\"season_S96\"},{\"fallbackReward\":{\"id\":\"Coins\",\"type\":\"Currency\",\"value\":1000,\"claimed\":true},\"reward\":{\"type\":\"SeasonHuntToken\",\"value\":2,\"claimed\":true},\"timeslot\":\"season_S96\"}]},{\"State\":10,\"RequiredScore\":430000,\"OriginalRequiredScore\":430000,\"Rewards\":[{\"reward\":{\"id\":\"Hoverboards\",\"type\":\"Currency\",\"value\":4,\"claimed\":true}},{\"fallbackReward\":{\"id\":\"Coins\",\"type\":\"Currency\",\"value\":800,\"claimed\":true},\"reward\":{\"id\":\"EventCoins\",\"type\":\"Currency\",\"value\":800,\"claimed\":true},\"timeslot\":\"season_S96\"},{\"fallbackReward\":{\"id\":\"Coins\",\"type\":\"Currency\",\"value\":1000,\"claimed\":true},\"reward\":{\"type\":\"SeasonHuntToken\",\"value\":2,\"claimed\":true},\"timeslot\":\"season_S96\"}]},{\"State\":10,\"RequiredScore\":490000,\"OriginalRequiredScore\":490000,\"Rewards\":[{\"reward\":{\"id\":\"HeadStarts\",\"type\":\"Currency\",\"value\":1,\"claimed\":true}},{\"fallbackReward\":{\"id\":\"Coins\",\"type\":\"Currency\",\"value\":200,\"claimed\":true},\"reward\":{\"id\":\"EventCoins\",\"type\":\"Currency\",\"value\":200,\"claimed\":true},\"timeslot\":\"season_S96\"}]},{\"State\":10,\"RequiredScore\":545000,\"OriginalRequiredScore\":545000,\"Rewards\":[{\"reward\":{\"id\":\"Hoverboards\",\"type\":\"Currency\",\"value\":5,\"claimed\":true}},{\"fallbackReward\":{\"id\":\"Coins\",\"type\":\"Currency\",\"value\":500,\"claimed\":true},\"reward\":{\"id\":\"EventCoins\",\"type\":\"Currency\",\"value\":500,\"claimed\":true},\"timeslot\":\"season_S96\"}]},{\"State\":10,\"RequiredScore\":635000,\"OriginalRequiredScore\":635000,\"Rewards\":[{\"reward\":{\"id\":\"ScoreBoosters\",\"type\":\"Currency\",\"value\":2,\"claimed\":true}},{\"fallbackReward\":{\"id\":\"Coins\",\"type\":\"Currency\",\"value\":2000,\"claimed\":true},\"reward\":{\"id\":\"EventCoins\",\"type\":\"Currency\",\"value\":2000,\"claimed\":true},\"timeslot\":\"season_S96\"},{\"fallbackReward\":{\"id\":\"Coins\",\"type\":\"Currency\",\"value\":1500,\"claimed\":true},\"reward\":{\"type\":\"SeasonHuntToken\",\"value\":3,\"claimed\":true},\"timeslot\":\"season_S96\"}]},{\"State\":10,\"RequiredScore\":770000,\"OriginalRequiredScore\":770000,\"Rewards\":[{\"reward\":{\"id\":\"ScoreBoosters\",\"type\":\"Currency\",\"value\":1,\"claimed\":true}},{\"fallbackReward\":{\"id\":\"Coins\",\"type\":\"Currency\",\"value\":600,\"claimed\":true},\"reward\":{\"id\":\"EventCoins\",\"type\":\"Currency\",\"value\":600,\"claimed\":true},\"timeslot\":\"season_S96\"}]},{\"State\":10,\"RequiredScore\":910000,\"OriginalRequiredScore\":910000,\"Rewards\":[{\"reward\":{\"id\":\"Hoverboards\",\"type\":\"Currency\",\"value\":3,\"claimed\":true}},{\"fallbackReward\":{\"id\":\"Coins\",\"type\":\"Currency\",\"value\":1000,\"claimed\":true},\"reward\":{\"id\":\"EventCoins\",\"type\":\"Currency\",\"value\":1000,\"claimed\":true},\"timeslot\":\"season_S96\"},{\"fallbackReward\":{\"id\":\"Coins\",\"type\":\"Currency\",\"value\":1000,\"claimed\":true},\"reward\":{\"type\":\"SeasonHuntToken\",\"value\":2,\"claimed\":true},\"timeslot\":\"season_S96\"}]},{\"State\":10,\"RequiredScore\":1055000,\"OriginalRequiredScore\":1055000,\"Rewards\":[{\"reward\":{\"id\":\"HeadStarts\",\"type\":\"Currency\",\"value\":1,\"claimed\":true}},{\"fallbackReward\":{\"id\":\"Coins\",\"type\":\"Currency\",\"value\":1000,\"claimed\":true},\"reward\":{\"id\":\"EventCoins\",\"type\":\"Currency\",\"value\":1000,\"claimed\":true},\"timeslot\":\"season_S96\"}]},{\"State\":10,\"RequiredScore\":1345000,\"OriginalRequiredScore\":1345000,\"Rewards\":[{\"fallbackReward\":{\"id\":\"Coins\",\"type\":\"Currency\",\"value\":1000,\"claimed\":true},\"reward\":{\"id\":\"EventCoins\",\"type\":\"Currency\",\"value\":1000,\"claimed\":true},\"timeslot\":\"season_S96\"},{\"fallbackReward\":{\"id\":\"Coins\",\"type\":\"Currency\",\"value\":2500,\"claimed\":true},\"reward\":{\"type\":\"SeasonHuntToken\",\"value\":5,\"claimed\":true},\"timeslot\":\"season_S96\"}]},{\"State\":10,\"RequiredScore\":1670000,\"OriginalRequiredScore\":1670000,\"Rewards\":[{\"reward\":{\"id\":\"valentina\",\"type\":\"Character\",\"value\":1,\"claimed\":true}}]}],\"rewardUnlockOffset\":[24,48,72,96,120],\"matchmakingId\":\"dailyChallenge\",\"requirements\":{\"access\":{\"data\":[{\"operator\":\"GreaterEqual\",\"type\":\"BaseMultiplier\",\"value\":\"4\"}],\"operator\":\"And\"},\"participation\":{\"data\":[{\"type\":\"SelectedCharacter\",\"operator\":\"Equal\",\"value\":\"valentina,kaleoKissKissOutfit\",\"meta\":{\"items\":[{\"alternativeSkipCost\":[{\"adPlacement\":\"SkipCharacterCooldown\",\"currencyType\":\"Ads\",\"value\":1}],\"cooldown\":7200,\"id\":\"valentina\",\"limitRuns\":1,\"skipCostKeys\":[16],\"tryable\":true},{\"alternativeSkipCost\":[{\"adPlacement\":\"SkipCharacterCooldown\",\"currencyType\":\"Ads\",\"value\":1}],\"cooldown\":7200,\"id\":\"kaleoKissKissOutfit\",\"limitRuns\":1,\"skipCostKeys\":[16]}]}}],\"operator\":\"And\"}},\"kind\":4,\"targetCity\":\"subwaycityfloorislava\",\"markAsSeen\":true,\"gameMode\":\"floor_is_lava\"},\"s96_greecevalentines_mh\":{\"challengeId\":\"s96_greecevalentines_mh\",\"challengeType\":\"ui.mystery_hurdle.title\",\"challengeServerId\":\"mystery_hurdles\",\"currentSetEntryID\":\"s96_greecevalentines_mh\",\"currentSetEntryTimeSlot\":\"season_s96_greecevalentines_mh\",\"currentScore\":2147483647,\"highScore\":2147483647,\"startDate\":\"0001-01-01T00:00:00Z\",\"endDate\":\"2025-02-24T22:38:51Z\",\"rewardStates\":[{\"State\":10,\"RequiredScore\":10000,\"OriginalRequiredScore\":10000,\"Rewards\":[{\"reward\":{\"id\":\"Coins\",\"type\":\"Currency\",\"value\":250,\"claimed\":true}},{\"fallbackReward\":{\"id\":\"Coins\",\"type\":\"Currency\",\"value\":100,\"claimed\":true},\"reward\":{\"id\":\"EventCoins\",\"type\":\"Currency\",\"value\":100,\"claimed\":true},\"timeslot\":\"season_S96\"}]},{\"State\":10,\"RequiredScore\":10000,\"OriginalRequiredScore\":10000,\"Rewards\":[{\"reward\":{\"id\":\"HeadStarts\",\"type\":\"Currency\",\"value\":1,\"claimed\":true}},{\"fallbackReward\":{\"id\":\"Coins\",\"type\":\"Currency\",\"value\":300,\"claimed\":true},\"reward\":{\"id\":\"EventCoins\",\"type\":\"Currency\",\"value\":300,\"claimed\":true},\"timeslot\":\"season_S96\"}]},{\"State\":10,\"RequiredScore\":25000,\"OriginalRequiredScore\":25000,\"Rewards\":[{\"reward\":{\"id\":\"Coins\",\"type\":\"Currency\",\"value\":250,\"claimed\":true}},{\"fallbackReward\":{\"id\":\"Coins\",\"type\":\"Currency\",\"value\":100,\"claimed\":true},\"reward\":{\"id\":\"EventCoins\",\"type\":\"Currency\",\"value\":100,\"claimed\":true},\"timeslot\":\"season_S96\"}]},{\"State\":10,\"RequiredScore\":40000,\"OriginalRequiredScore\":40000,\"Rewards\":[{\"reward\":{\"id\":\"Coins\",\"type\":\"Currency\",\"value\":250,\"claimed\":true}},{\"fallbackReward\":{\"id\":\"Coins\",\"type\":\"Currency\",\"value\":150,\"claimed\":true},\"reward\":{\"id\":\"EventCoins\",\"type\":\"Currency\",\"value\":150,\"claimed\":true},\"timeslot\":\"season_S96\"}]},{\"State\":10,\"RequiredScore\":40000,\"OriginalRequiredScore\":40000,\"Rewards\":[{\"fallbackReward\":{\"id\":\"Coins\",\"type\":\"Currency\",\"value\":1500,\"claimed\":true},\"reward\":{\"type\":\"SeasonHuntToken\",\"value\":3,\"claimed\":true},\"timeslot\":\"season_S96\"},{\"fallbackReward\":{\"id\":\"Coins\",\"type\":\"Currency\",\"value\":800,\"claimed\":true},\"reward\":{\"id\":\"EventCoins\",\"type\":\"Currency\",\"value\":800,\"claimed\":true},\"timeslot\":\"season_S96\"}]},{\"State\":10,\"RequiredScore\":55000,\"OriginalRequiredScore\":55000,\"Rewards\":[{\"reward\":{\"id\":\"Coins\",\"type\":\"Currency\",\"value\":750,\"claimed\":true}},{\"fallbackReward\":{\"id\":\"Coins\",\"type\":\"Currency\",\"value\":200,\"claimed\":true},\"reward\":{\"id\":\"EventCoins\",\"type\":\"Currency\",\"value\":200,\"claimed\":true},\"timeslot\":\"season_S96\"}]},{\"State\":10,\"RequiredScore\":80000,\"OriginalRequiredScore\":80000,\"Rewards\":[{\"fallbackReward\":{\"id\":\"Coins\",\"type\":\"Currency\",\"value\":500,\"claimed\":true},\"reward\":{\"type\":\"SeasonHuntToken\",\"value\":1,\"claimed\":true},\"timeslot\":\"season_S96\"},{\"fallbackReward\":{\"id\":\"Coins\",\"type\":\"Currency\",\"value\":400,\"claimed\":true},\"reward\":{\"id\":\"EventCoins\",\"type\":\"Currency\",\"value\":400,\"claimed\":true},\"timeslot\":\"season_S96\"}]},{\"State\":10,\"RequiredScore\":110000,\"OriginalRequiredScore\":110000,\"Rewards\":[{\"reward\":{\"id\":\"HeadStarts\",\"type\":\"Currency\",\"value\":1,\"claimed\":true}},{\"reward\":{\"id\":\"Coins\",\"type\":\"Currency\",\"value\":1000,\"claimed\":true}},{\"fallbackReward\":{\"id\":\"Coins\",\"type\":\"Currency\",\"value\":550,\"claimed\":true},\"reward\":{\"id\":\"EventCoins\",\"type\":\"Currency\",\"value\":550,\"claimed\":true},\"timeslot\":\"season_S96\"}]},{\"State\":10,\"RequiredScore\":145000,\"OriginalRequiredScore\":145000,\"Rewards\":[{\"fallbackReward\":{\"id\":\"Coins\",\"type\":\"Currency\",\"value\":500,\"claimed\":true},\"reward\":{\"type\":\"SeasonHuntToken\",\"value\":1,\"claimed\":true},\"timeslot\":\"season_S96\"},{\"fallbackReward\":{\"id\":\"Coins\",\"type\":\"Currency\",\"value\":600,\"claimed\":true},\"reward\":{\"id\":\"EventCoins\",\"type\":\"Currency\",\"value\":600,\"claimed\":true},\"timeslot\":\"season_S96\"}]},{\"State\":10,\"RequiredScore\":240000,\"OriginalRequiredScore\":240000,\"Rewards\":[{\"reward\":{\"id\":\"HeadStarts\",\"type\":\"Currency\",\"value\":1,\"claimed\":true}},{\"fallbackReward\":{\"id\":\"Coins\",\"type\":\"Currency\",\"value\":2500,\"claimed\":true},\"reward\":{\"type\":\"SeasonHuntToken\",\"value\":5,\"claimed\":true},\"timeslot\":\"season_S96\"},{\"fallbackReward\":{\"id\":\"Coins\",\"type\":\"Currency\",\"value\":800,\"claimed\":true},\"reward\":{\"id\":\"EventCoins\",\"type\":\"Currency\",\"value\":800,\"claimed\":true},\"timeslot\":\"season_S96\"}]},{\"State\":10,\"RequiredScore\":240000,\"OriginalRequiredScore\":240000,\"Rewards\":[{\"reward\":{\"id\":\"HurdleMultiplier\",\"type\":\"EventItem\",\"value\":2,\"claimed\":true}}]}],\"rewardUnlockOffset\":[],\"matchmakingId\":\"dailyChallenge\",\"requirements\":{\"access\":{\"data\":[{\"operator\":\"GreaterEqual\",\"type\":\"BaseMultiplier\",\"value\":\"8\"}],\"operator\":\"And\"},\"participation\":{\"data\":[{\"type\":\"SelectedCharacter\",\"operator\":\"Equal\",\"value\":\"valentina,kaleoKissKissOutfit\",\"meta\":{\"items\":[{\"alternativeSkipCost\":[{\"adPlacement\":\"SkipCharacterCooldown\",\"currencyType\":\"Ads\",\"value\":1}],\"cooldown\":7200,\"id\":\"valentina\",\"limitRuns\":1,\"skipCostKeys\":[16],\"tryable\":true},{\"alternativeSkipCost\":[{\"adPlacement\":\"SkipCharacterCooldown\",\"currencyType\":\"Ads\",\"value\":1}],\"cooldown\":7200,\"id\":\"kaleoKissKissOutfit\",\"limitRuns\":1,\"skipCostKeys\":[16]}]}}],\"operator\":\"And\"}},\"kind\":4,\"targetCity\":\"greecevalentines\",\"markAsSeen\":true,\"gameMode\":\"mystery_hurdles_default\"},\"s96_alohahawaii_st_tta\":{\"challengeId\":\"s96_alohahawaii_st_tta\",\"challengeType\":\"ui.challenge.season_challenge\",\"challengeServerId\":\"staged_tta\",\"currentSetEntryID\":\"s96_alohahawaii_st_tta\",\"currentSetEntryTimeSlot\":\"season_s96_alohahawaii_st_tta\",\"currentScore\":2147483647,\"highScore\":2147483647,\"startDate\":\"0001-01-01T00:00:00Z\",\"endDate\":\"2025-02-24T22:38:51Z\",\"rewardStates\":[{\"State\":10,\"RequiredScore\":10000,\"OriginalRequiredScore\":10000,\"Rewards\":[{\"reward\":{\"id\":\"Hoverboards\",\"type\":\"Currency\",\"value\":3,\"claimed\":true}},{\"fallbackReward\":{\"id\":\"Coins\",\"type\":\"Currency\",\"value\":200,\"claimed\":true},\"reward\":{\"id\":\"EventCoins\",\"type\":\"Currency\",\"value\":200,\"claimed\":true},\"timeslot\":\"season_S96\"}]},{\"State\":10,\"RequiredScore\":10000,\"OriginalRequiredScore\":10000,\"Rewards\":[{\"reward\":{\"id\":\"HeadStarts\",\"type\":\"Currency\",\"value\":1,\"claimed\":true}},{\"fallbackReward\":{\"id\":\"Coins\",\"type\":\"Currency\",\"value\":300,\"claimed\":true},\"reward\":{\"id\":\"EventCoins\",\"type\":\"Currency\",\"value\":300,\"claimed\":true},\"timeslot\":\"season_S96\"}]},{\"State\":10,\"RequiredScore\":30000,\"OriginalRequiredScore\":30000,\"Rewards\":[{\"reward\":{\"id\":\"ScoreBoosters\",\"type\":\"Currency\",\"value\":1,\"claimed\":true}},{\"fallbackReward\":{\"id\":\"Coins\",\"type\":\"Currency\",\"value\":400,\"claimed\":true},\"reward\":{\"id\":\"EventCoins\",\"type\":\"Currency\",\"value\":400,\"claimed\":true},\"timeslot\":\"season_S96\"}]},{\"State\":10,\"RequiredScore\":40000,\"OriginalRequiredScore\":40000,\"Rewards\":[{\"reward\":{\"id\":\"HeadStarts\",\"type\":\"Currency\",\"value\":1,\"claimed\":true}},{\"fallbackReward\":{\"id\":\"Coins\",\"type\":\"Currency\",\"value\":200,\"claimed\":true},\"reward\":{\"id\":\"EventCoins\",\"type\":\"Currency\",\"value\":200,\"claimed\":true},\"timeslot\":\"season_S96\"}]},{\"State\":10,\"RequiredScore\":60000,\"OriginalRequiredScore\":60000,\"Rewards\":[{\"reward\":{\"id\":\"Hoverboards\",\"type\":\"Currency\",\"value\":4,\"claimed\":true}},{\"fallbackReward\":{\"id\":\"Coins\",\"type\":\"Currency\",\"value\":200,\"claimed\":true},\"reward\":{\"id\":\"EventCoins\",\"type\":\"Currency\",\"value\":200,\"claimed\":true},\"timeslot\":\"season_S96\"}]},{\"State\":10,\"RequiredScore\":90000,\"OriginalRequiredScore\":90000,\"Rewards\":[{\"fallbackReward\":{\"id\":\"Coins\",\"type\":\"Currency\",\"value\":1000,\"claimed\":true},\"reward\":{\"id\":\"EventCoins\",\"type\":\"Currency\",\"value\":1000,\"claimed\":true},\"timeslot\":\"season_S96\"}]},{\"State\":10,\"RequiredScore\":110000,\"OriginalRequiredScore\":110000,\"Rewards\":[{\"reward\":{\"id\":\"HeadStarts\",\"type\":\"Currency\",\"value\":1,\"claimed\":true}},{\"fallbackReward\":{\"id\":\"Coins\",\"type\":\"Currency\",\"value\":400,\"claimed\":true},\"reward\":{\"id\":\"EventCoins\",\"type\":\"Currency\",\"value\":400,\"claimed\":true},\"timeslot\":\"season_S96\"}]},{\"State\":10,\"RequiredScore\":110000,\"OriginalRequiredScore\":110000,\"Rewards\":[{\"reward\":{\"id\":\"Hoverboards\",\"type\":\"Currency\",\"value\":2,\"claimed\":true}},{\"fallbackReward\":{\"id\":\"Coins\",\"type\":\"Currency\",\"value\":300,\"claimed\":true},\"reward\":{\"id\":\"EventCoins\",\"type\":\"Currency\",\"value\":300,\"claimed\":true},\"timeslot\":\"season_S96\"}]},{\"State\":10,\"RequiredScore\":140000,\"OriginalRequiredScore\":140000,\"Rewards\":[{\"reward\":{\"id\":\"ScoreBoosters\",\"type\":\"Currency\",\"value\":1,\"claimed\":true}},{\"fallbackReward\":{\"id\":\"Coins\",\"type\":\"Currency\",\"value\":600,\"claimed\":true},\"reward\":{\"id\":\"EventCoins\",\"type\":\"Currency\",\"value\":600,\"claimed\":true},\"timeslot\":\"season_S96\"}]},{\"State\":10,\"RequiredScore\":170000,\"OriginalRequiredScore\":170000,\"Rewards\":[{\"reward\":{\"id\":\"HeadStarts\",\"type\":\"Currency\",\"value\":1,\"claimed\":true}},{\"fallbackReward\":{\"id\":\"Coins\",\"type\":\"Currency\",\"value\":200,\"claimed\":true},\"reward\":{\"id\":\"EventCoins\",\"type\":\"Currency\",\"value\":200,\"claimed\":true},\"timeslot\":\"season_S96\"}]},{\"State\":10,\"RequiredScore\":200000,\"OriginalRequiredScore\":200000,\"Rewards\":[{\"reward\":{\"id\":\"Hoverboards\",\"type\":\"Currency\",\"value\":4,\"claimed\":true}},{\"fallbackReward\":{\"id\":\"Coins\",\"type\":\"Currency\",\"value\":700,\"claimed\":true},\"reward\":{\"id\":\"EventCoins\",\"type\":\"Currency\",\"value\":700,\"claimed\":true},\"timeslot\":\"season_S96\"}]},{\"State\":10,\"RequiredScore\":240000,\"OriginalRequiredScore\":240000,\"Rewards\":[{\"reward\":{\"id\":\"Hoverboards\",\"type\":\"Currency\",\"value\":5,\"claimed\":true}},{\"fallbackReward\":{\"id\":\"Coins\",\"type\":\"Currency\",\"value\":1200,\"claimed\":true},\"reward\":{\"id\":\"EventCoins\",\"type\":\"Currency\",\"value\":1200,\"claimed\":true},\"timeslot\":\"season_S96\"}]},{\"State\":10,\"RequiredScore\":270000,\"OriginalRequiredScore\":270000,\"Rewards\":[{\"reward\":{\"id\":\"ScoreBoosters\",\"type\":\"Currency\",\"value\":1,\"claimed\":true}},{\"fallbackReward\":{\"id\":\"Coins\",\"type\":\"Currency\",\"value\":300,\"claimed\":true},\"reward\":{\"id\":\"EventCoins\",\"type\":\"Currency\",\"value\":300,\"claimed\":true},\"timeslot\":\"season_S96\"}]},{\"State\":10,\"RequiredScore\":270000,\"OriginalRequiredScore\":270000,\"Rewards\":[{\"reward\":{\"id\":\"HeadStarts\",\"type\":\"Currency\",\"value\":2,\"claimed\":true}},{\"fallbackReward\":{\"id\":\"Coins\",\"type\":\"Currency\",\"value\":500,\"claimed\":true},\"reward\":{\"id\":\"EventCoins\",\"type\":\"Currency\",\"value\":500,\"claimed\":true},\"timeslot\":\"season_S96\"}]},{\"State\":10,\"RequiredScore\":300000,\"OriginalRequiredScore\":300000,\"Rewards\":[{\"reward\":{\"id\":\"Hoverboards\",\"type\":\"Currency\",\"value\":3,\"claimed\":true}},{\"fallbackReward\":{\"id\":\"Coins\",\"type\":\"Currency\",\"value\":500,\"claimed\":true},\"reward\":{\"id\":\"EventCoins\",\"type\":\"Currency\",\"value\":500,\"claimed\":true},\"timeslot\":\"season_S96\"}]},{\"State\":10,\"RequiredScore\":320000,\"OriginalRequiredScore\":320000,\"Rewards\":[{\"reward\":{\"id\":\"HeadStarts\",\"type\":\"Currency\",\"value\":1,\"claimed\":true}},{\"fallbackReward\":{\"id\":\"Coins\",\"type\":\"Currency\",\"value\":200,\"claimed\":true},\"reward\":{\"id\":\"EventCoins\",\"type\":\"Currency\",\"value\":200,\"claimed\":true},\"timeslot\":\"season_S96\"}]},{\"State\":10,\"RequiredScore\":350000,\"OriginalRequiredScore\":350000,\"Rewards\":[{\"reward\":{\"id\":\"ScoreBoosters\",\"type\":\"Currency\",\"value\":1,\"claimed\":true}},{\"fallbackReward\":{\"id\":\"Coins\",\"type\":\"Currency\",\"value\":200,\"claimed\":true},\"reward\":{\"id\":\"EventCoins\",\"type\":\"Currency\",\"value\":200,\"claimed\":true},\"timeslot\":\"season_S96\"}]},{\"State\":10,\"RequiredScore\":380000,\"OriginalRequiredScore\":380000,\"Rewards\":[{\"reward\":{\"id\":\"Hoverboards\",\"type\":\"Currency\",\"value\":3,\"claimed\":true}},{\"reward\":{\"id\":\"HeadStarts\",\"type\":\"Currency\",\"value\":1,\"claimed\":true}},{\"fallbackReward\":{\"id\":\"Coins\",\"type\":\"Currency\",\"value\":1000,\"claimed\":true},\"reward\":{\"id\":\"EventCoins\",\"type\":\"Currency\",\"value\":1000,\"claimed\":true},\"timeslot\":\"season_S96\"}]},{\"State\":10,\"RequiredScore\":400000,\"OriginalRequiredScore\":400000,\"Rewards\":[{\"reward\":{\"id\":\"ScoreBoosters\",\"type\":\"Currency\",\"value\":1,\"claimed\":true}},{\"fallbackReward\":{\"id\":\"Coins\",\"type\":\"Currency\",\"value\":300,\"claimed\":true},\"reward\":{\"id\":\"EventCoins\",\"type\":\"Currency\",\"value\":300,\"claimed\":true},\"timeslot\":\"season_S96\"}]},{\"State\":10,\"RequiredScore\":400000,\"OriginalRequiredScore\":400000,\"Rewards\":[{\"reward\":{\"id\":\"HeadStarts\",\"type\":\"Currency\",\"value\":2,\"claimed\":true}},{\"fallbackReward\":{\"id\":\"Coins\",\"type\":\"Currency\",\"value\":500,\"claimed\":true},\"reward\":{\"id\":\"EventCoins\",\"type\":\"Currency\",\"value\":500,\"claimed\":true},\"timeslot\":\"season_S96\"}]},{\"State\":10,\"RequiredScore\":420000,\"OriginalRequiredScore\":420000,\"Rewards\":[{\"reward\":{\"id\":\"Hoverboards\",\"type\":\"Currency\",\"value\":4,\"claimed\":true}},{\"fallbackReward\":{\"id\":\"Coins\",\"type\":\"Currency\",\"value\":800,\"claimed\":true},\"reward\":{\"id\":\"EventCoins\",\"type\":\"Currency\",\"value\":800,\"claimed\":true},\"timeslot\":\"season_S96\"}]},{\"State\":10,\"RequiredScore\":460000,\"OriginalRequiredScore\":460000,\"Rewards\":[{\"reward\":{\"id\":\"HeadStarts\",\"type\":\"Currency\",\"value\":1,\"claimed\":true}},{\"fallbackReward\":{\"id\":\"Coins\",\"type\":\"Currency\",\"value\":200,\"claimed\":true},\"reward\":{\"id\":\"EventCoins\",\"type\":\"Currency\",\"value\":200,\"claimed\":true},\"timeslot\":\"season_S96\"}]},{\"State\":10,\"RequiredScore\":500000,\"OriginalRequiredScore\":500000,\"Rewards\":[{\"reward\":{\"id\":\"Hoverboards\",\"type\":\"Currency\",\"value\":5,\"claimed\":true}},{\"fallbackReward\":{\"id\":\"Coins\",\"type\":\"Currency\",\"value\":500,\"claimed\":true},\"reward\":{\"id\":\"EventCoins\",\"type\":\"Currency\",\"value\":500,\"claimed\":true},\"timeslot\":\"season_S96\"}]},{\"State\":10,\"RequiredScore\":670000,\"OriginalRequiredScore\":670000,\"Rewards\":[{\"reward\":{\"id\":\"ScoreBoosters\",\"type\":\"Currency\",\"value\":2,\"claimed\":true}},{\"fallbackReward\":{\"id\":\"Coins\",\"type\":\"Currency\",\"value\":2000,\"claimed\":true},\"reward\":{\"id\":\"EventCoins\",\"type\":\"Currency\",\"value\":2000,\"claimed\":true},\"timeslot\":\"season_S96\"}]},{\"State\":10,\"RequiredScore\":770000,\"OriginalRequiredScore\":770000,\"Rewards\":[{\"reward\":{\"id\":\"ScoreBoosters\",\"type\":\"Currency\",\"value\":1,\"claimed\":true}},{\"fallbackReward\":{\"id\":\"Coins\",\"type\":\"Currency\",\"value\":600,\"claimed\":true},\"reward\":{\"id\":\"EventCoins\",\"type\":\"Currency\",\"value\":600,\"claimed\":true},\"timeslot\":\"season_S96\"}]},{\"State\":10,\"RequiredScore\":910000,\"OriginalRequiredScore\":910000,\"Rewards\":[{\"reward\":{\"id\":\"Hoverboards\",\"type\":\"Currency\",\"value\":3,\"claimed\":true}},{\"fallbackReward\":{\"id\":\"Coins\",\"type\":\"Currency\",\"value\":1000,\"claimed\":true},\"reward\":{\"id\":\"EventCoins\",\"type\":\"Currency\",\"value\":1000,\"claimed\":true},\"timeslot\":\"season_S96\"}]},{\"State\":10,\"RequiredScore\":1060000,\"OriginalRequiredScore\":1060000,\"Rewards\":[{\"reward\":{\"id\":\"HeadStarts\",\"type\":\"Currency\",\"value\":1,\"claimed\":true}},{\"fallbackReward\":{\"id\":\"Coins\",\"type\":\"Currency\",\"value\":1000,\"claimed\":true},\"reward\":{\"id\":\"EventCoins\",\"type\":\"Currency\",\"value\":1000,\"claimed\":true},\"timeslot\":\"season_S96\"}]},{\"State\":10,\"RequiredScore\":1340000,\"OriginalRequiredScore\":1340000,\"Rewards\":[{\"fallbackReward\":{\"id\":\"Coins\",\"type\":\"Currency\",\"value\":1000,\"claimed\":true},\"reward\":{\"id\":\"EventCoins\",\"type\":\"Currency\",\"value\":1000,\"claimed\":true},\"timeslot\":\"season_S96\"}]},{\"State\":10,\"RequiredScore\":1670000,\"OriginalRequiredScore\":1670000,\"Rewards\":[{\"reward\":{\"id\":\"kaleo\",\"type\":\"Character\",\"value\":1,\"claimed\":true}}]}],\"rewardUnlockOffset\":[24,96,168,264],\"matchmakingId\":\"dailyChallenge\",\"requirements\":{\"access\":{\"data\":[{\"operator\":\"GreaterEqual\",\"type\":\"BaseMultiplier\",\"value\":\"6\"}],\"operator\":\"And\"},\"participation\":{\"data\":[{\"type\":\"SelectedCharacter\",\"operator\":\"Equal\",\"value\":\"kaleo,hali\",\"meta\":{\"items\":[{\"alternativeSkipCost\":[{\"adPlacement\":\"SkipCharacterCooldown\",\"currencyType\":\"Ads\",\"value\":1}],\"cooldown\":7200,\"id\":\"kaleo\",\"limitRuns\":1,\"skipCostKeys\":[16],\"tryable\":true},{\"alternativeSkipCost\":[{\"adPlacement\":\"SkipCharacterCooldown\",\"currencyType\":\"Ads\",\"value\":1}],\"cooldown\":7200,\"id\":\"hali\",\"limitRuns\":1,\"skipCostKeys\":[16],\"tryable\":true}]}}],\"operator\":\"And\"}},\"kind\":4,\"targetCity\":\"alohahawaii\",\"markAsSeen\":true,\"gameMode\":\"timeLimited02\"},\"s96_chicago_tta\":{\"challengeId\":\"s96_chicago_tta\",\"challengeType\":\"ui.tlr.title_tag_attack\",\"challengeServerId\":\"tta\",\"currentSetEntryID\":\"s96_chicago_tta\",\"currentSetEntryTimeSlot\":\"season_s96_chicago_tta\",\"currentScore\":2147483647,\"highScore\":2147483647,\"startDate\":\"0001-01-01T00:00:00Z\",\"endDate\":\"2025-02-24T22:38:51Z\",\"rewardStates\":[{\"State\":10,\"RequiredScore\":10000,\"OriginalRequiredScore\":10000,\"Rewards\":[{\"reward\":{\"id\":\"Hoverboards\",\"type\":\"Currency\",\"value\":2,\"claimed\":true}},{\"fallbackReward\":{\"id\":\"Coins\",\"type\":\"Currency\",\"value\":50,\"claimed\":true},\"reward\":{\"id\":\"EventCoins\",\"type\":\"Currency\",\"value\":50,\"claimed\":true},\"timeslot\":\"season_S96\"}]},{\"State\":10,\"RequiredScore\":10000,\"OriginalRequiredScore\":10000,\"Rewards\":[{\"reward\":{\"id\":\"ScoreBoosters\",\"type\":\"Currency\",\"value\":1,\"claimed\":true}},{\"fallbackReward\":{\"id\":\"Coins\",\"type\":\"Currency\",\"value\":300,\"claimed\":true},\"reward\":{\"id\":\"EventCoins\",\"type\":\"Currency\",\"value\":300,\"claimed\":true},\"timeslot\":\"season_S96\"}]},{\"State\":10,\"RequiredScore\":25000,\"OriginalRequiredScore\":25000,\"Rewards\":[{\"reward\":{\"id\":\"HeadStarts\",\"type\":\"Currency\",\"value\":1,\"claimed\":true}},{\"fallbackReward\":{\"id\":\"Coins\",\"type\":\"Currency\",\"value\":150,\"claimed\":true},\"reward\":{\"id\":\"EventCoins\",\"type\":\"Currency\",\"value\":150,\"claimed\":true},\"timeslot\":\"season_S96\"}]},{\"State\":10,\"RequiredScore\":40000,\"OriginalRequiredScore\":40000,\"Rewards\":[{\"reward\":{\"id\":\"Coins\",\"type\":\"Currency\",\"value\":1000,\"claimed\":true}},{\"fallbackReward\":{\"id\":\"Coins\",\"type\":\"Currency\",\"value\":250,\"claimed\":true},\"reward\":{\"id\":\"EventCoins\",\"type\":\"Currency\",\"value\":250,\"claimed\":true},\"timeslot\":\"season_S96\"}]},{\"State\":10,\"RequiredScore\":40000,\"OriginalRequiredScore\":40000,\"Rewards\":[{\"fallbackReward\":{\"id\":\"Coins\",\"type\":\"Currency\",\"value\":1000,\"claimed\":true},\"reward\":{\"type\":\"SeasonHuntToken\",\"value\":2,\"claimed\":true},\"timeslot\":\"season_S96\"},{\"fallbackReward\":{\"id\":\"Coins\",\"type\":\"Currency\",\"value\":400,\"claimed\":true},\"reward\":{\"id\":\"EventCoins\",\"type\":\"Currency\",\"value\":400,\"claimed\":true},\"timeslot\":\"season_S96\"}]},{\"State\":10,\"RequiredScore\":65000,\"OriginalRequiredScore\":65000,\"Rewards\":[{\"reward\":{\"id\":\"Hoverboards\",\"type\":\"Currency\",\"value\":2,\"claimed\":true}},{\"fallbackReward\":{\"id\":\"Coins\",\"type\":\"Currency\",\"value\":350,\"claimed\":true},\"reward\":{\"id\":\"EventCoins\",\"type\":\"Currency\",\"value\":350,\"claimed\":true},\"timeslot\":\"season_S96\"}]},{\"State\":10,\"RequiredScore\":95000,\"OriginalRequiredScore\":95000,\"Rewards\":[{\"reward\":{\"id\":\"ScoreBoosters\",\"type\":\"Currency\",\"value\":1,\"claimed\":true}},{\"fallbackReward\":{\"id\":\"Coins\",\"type\":\"Currency\",\"value\":500,\"claimed\":true},\"reward\":{\"type\":\"SeasonHuntToken\",\"value\":1,\"claimed\":true},\"timeslot\":\"season_S96\"},{\"fallbackReward\":{\"id\":\"Coins\",\"type\":\"Currency\",\"value\":450,\"claimed\":true},\"reward\":{\"id\":\"EventCoins\",\"type\":\"Currency\",\"value\":450,\"claimed\":true},\"timeslot\":\"season_S96\"}]},{\"State\":10,\"RequiredScore\":135000,\"OriginalRequiredScore\":135000,\"Rewards\":[{\"reward\":{\"id\":\"Hoverboards\",\"type\":\"Currency\",\"value\":2,\"claimed\":true}},{\"fallbackReward\":{\"id\":\"Coins\",\"type\":\"Currency\",\"value\":600,\"claimed\":true},\"reward\":{\"id\":\"EventCoins\",\"type\":\"Currency\",\"value\":600,\"claimed\":true},\"timeslot\":\"season_S96\"}]},{\"State\":10,\"RequiredScore\":200000,\"OriginalRequiredScore\":200000,\"Rewards\":[{\"reward\":{\"id\":\"ScoreBoosters\",\"type\":\"Currency\",\"value\":1,\"claimed\":true}},{\"fallbackReward\":{\"id\":\"Coins\",\"type\":\"Currency\",\"value\":500,\"claimed\":true},\"reward\":{\"type\":\"SeasonHuntToken\",\"value\":1,\"claimed\":true},\"timeslot\":\"season_S96\"},{\"fallbackReward\":{\"id\":\"Coins\",\"type\":\"Currency\",\"value\":700,\"claimed\":true},\"reward\":{\"id\":\"EventCoins\",\"type\":\"Currency\",\"value\":700,\"claimed\":true},\"timeslot\":\"season_S96\"}]},{\"State\":10,\"RequiredScore\":280000,\"OriginalRequiredScore\":280000,\"Rewards\":[{\"reward\":{\"id\":\"HeadStarts\",\"type\":\"Currency\",\"value\":1,\"claimed\":true}},{\"fallbackReward\":{\"id\":\"Coins\",\"type\":\"Currency\",\"value\":2000,\"claimed\":true},\"reward\":{\"type\":\"SeasonHuntToken\",\"value\":4,\"claimed\":true},\"timeslot\":\"season_S96\"},{\"fallbackReward\":{\"id\":\"Coins\",\"type\":\"Currency\",\"value\":1150,\"claimed\":true},\"reward\":{\"id\":\"EventCoins\",\"type\":\"Currency\",\"value\":1150,\"claimed\":true},\"timeslot\":\"season_S96\"}]}],\"rewardUnlockOffset\":[],\"matchmakingId\":\"dailyChallenge\",\"requirements\":{\"access\":{\"data\":[{\"operator\":\"GreaterEqual\",\"type\":\"BaseMultiplier\",\"value\":\"6\"}],\"operator\":\"And\"},\"participation\":{\"data\":[{\"type\":\"SelectedCharacter\",\"operator\":\"Equal\",\"value\":\"frank,jake,charlie,pink\",\"meta\":{\"items\":[{\"alternativeSkipCost\":[{\"adPlacement\":\"SkipCharacterCooldown\",\"currencyType\":\"Ads\",\"value\":1}],\"cooldown\":7200,\"id\":\"frank\",\"limitRuns\":1,\"skipCostKeys\":[16]},{\"alternativeSkipCost\":[{\"adPlacement\":\"SkipCharacterCooldown\",\"currencyType\":\"Ads\",\"value\":1}],\"cooldown\":7200,\"id\":\"jake\",\"limitRuns\":1,\"skipCostKeys\":[16]},{\"alternativeSkipCost\":[{\"adPlacement\":\"SkipCharacterCooldown\",\"currencyType\":\"Ads\",\"value\":1}],\"cooldown\":5400,\"id\":\"charlie\",\"limitRuns\":1,\"skipCostKeys\":[16]},{\"alternativeSkipCost\":[{\"adPlacement\":\"SkipCharacterCooldown\",\"currencyType\":\"Ads\",\"value\":1}],\"cooldown\":3600,\"id\":\"pink\",\"limitRuns\":1,\"skipCostKeys\":[16]}]}}],\"operator\":\"And\"}},\"kind\":4,\"targetCity\":\"chicago\",\"markAsSeen\":true,\"gameMode\":\"timeLimited02\"}}}"
}