{
  "version": 1,
  "data": "{\"lastSaved\":\"0001-01-01T00:00:00Z\",\"updateAppViewLastSeen\":\"0001-01-01T00:00:00Z\",\"ftuePopupsSeen\":[],\"lastSeenDailyEvent\":\"\",\"newSeasonPopupShownForID\":null,\"localMailsSeen\":{\"s96_aloha_hawaii_challenges\":true,\"s96_aloha_hawaii_floorislava\":true,\"s96_aloha_hawaii_next_season\":true,\"s96_aloha_hawaii_one_run\":true,\"s96_aloha_hawaii_plantinvasion\":true,\"s96_aloha_hawaii_season_challenge\":true,\"s96_aloha_hawaii_season_challenge_2\":true,\"s96_aloha_hawaii_seasonhunt\":true,\"s96_aloha_hawaii_updateGame_amazon\":true,\"s96_aloha_hawaii_updateGame_android\":true,\"s96_aloha_hawaii_updateGame_ios\":true,\"s96_aloha_hawaii_welcome\":true},\"lastSeenTooltipIds\":{},\"popupSeenInfo\":{},\"lastSeenPopupTime\":\"0001-01-01T00:00:00Z\",\"promotionsSeenInfo\":{},\"challengesSeenData\":{},\"revealedChallenges\":{}}"
}